기준_년분기_코드,자치구_코드,자치구_코드_명,행정동_코드,행정동_코드_명,총_유동인구_수,남성_유동인구_수,여성_유동인구_수,연령대_10_유동인구_수,연령대_20_유동인구_수,연령대_30_유동인구_수,연령대_40_유동인구_수,연령대_50_유동인구_수,연령대_60_이상_유동인구_수,시간대_00_06_유동인구_수,시간대_06_11_유동인구_수,시간대_11_14_유동인구_수,시간대_14_17_유동인구_수,시간대_17_21_유동인구_수,시간대_21_24_유동인구_수,월요일_유동인구_수,화요일_유동인구_수,수요일_유동인구_수,목요일_유동인구_수,금요일_유동인구_수,토요일_유동인구_수,일요일_유동인구_수
20254,11740,강동구,11740700,둔촌2동,6419131,2978649,3440482,1227181,725811,959328,1018460,933755,1554597,1780050,1362418,725131,701540,1000801,849191,917060,910329,918759,909647,912575,910150,940610
20254,11740,강동구,11740690,둔촌1동,29398,13580,15819,6767,2325,4159,5594,3731,6824,8242,6294,3270,3184,4561,3847,4120,4125,4147,4149,4183,4284,4391
20254,11740,강동구,11740685,길동,18073434,8191172,9882261,2453568,2170829,2912958,2965881,2847212,4722988,4847566,3640353,2064324,2076482,3011274,2433431,2550715,2551044,2557744,2563428,2573696,2624616,2652190
20254,11740,강동구,11740660,성내3동,6724834,3130366,3594470,949374,868523,1106224,1173101,1035931,1591682,1872198,1357328,759617,753513,1088420,893759,940667,939624,952218,949311,958856,979267,1004890
20254,11740,강동구,11740650,성내2동,8151201,3790361,4360842,1125335,1085573,1470237,1283687,1175091,2011277,2267994,1649461,890040,908677,1348054,1086976,1139218,1126725,1136576,1141519,1147579,1219143,1240443
20254,11740,강동구,11740640,성내1동,5545995,2509493,3036500,994391,611584,855915,944137,868997,1270971,1437345,1161304,693244,676271,890683,687147,804647,802529,810679,807379,805067,753642,762050
20254,11740,강동구,11740620,천호3동,7473454,3508030,3965423,919586,1130735,1409241,1150274,1089443,1774174,2141985,1529259,801018,796201,1185626,1019365,1043966,1036107,1045765,1053628,1054428,1106826,1132733
20254,11740,강동구,11740610,천호2동,10996301,5186499,5809801,1380439,1357854,1922051,1804050,1740536,2791372,2877023,2230403,1284488,1315449,1848834,1440104,1537445,1534376,1545847,1554091,1565378,1623378,1635785
20254,11740,강동구,11740600,천호1동,10130717,4728455,5402261,1687576,1082291,1492087,1702581,1565714,2600466,2874385,2100123,1114619,1113413,1584291,1343884,1443354,1434449,1432069,1438594,1431181,1457341,1493729
20254,11740,강동구,11740590,암사3동,1711324,810207,901117,411870,162319,230028,287657,245405,374045,476863,385666,191212,180107,253737,223738,245891,245846,247422,245784,246508,238436,241439
20254,11740,강동구,11740580,암사2동,2217375,1042290,1175086,317259,257399,392158,387332,357288,505940,605739,446308,244744,252492,372641,295452,308801,305078,308261,309842,316206,335218,333968
20254,11740,강동구,11740570,암사1동,8439282,3956819,4482464,1369146,907537,1257121,1436917,1361856,2106706,2417706,1706247,885361,894704,1372820,1162446,1181557,1172059,1168464,1180886,1177349,1256303,1302667
20254,11740,강동구,11740560,고덕2동,2181579,1025614,1155965,508412,190214,317037,426971,269620,469324,560194,477869,261357,253042,350571,278546,312726,312076,311253,312278,311886,310559,310802
20254,11740,강동구,11740550,고덕1동,3486664,1721515,1765148,1254947,238782,324902,657249,398979,611805,999590,743410,379117,377208,526855,460484,496130,496496,496738,499350,496777,497751,503423
20254,11740,강동구,11740540,명일2동,2082565,979334,1103231,630850,191282,195015,341196,269266,454956,536547,427598,246894,251701,358976,260849,299624,302180,299162,296364,300271,297032,287932
20254,11740,강동구,11740530,명일1동,4587453,2052953,2534499,896175,424606,574736,796193,667876,1227869,1109304,934386,562253,555010,830649,595851,629832,632090,648355,637489,644447,677417,717824
20254,11740,강동구,11740520,상일동,3418270,1572252,1846019,755944,285311,472428,709094,463631,731862,912202,707651,388798,387935,567540,454145,488052,486070,489958,490687,490531,485696,487279
20254,11740,강동구,11740515,강일동,3477111,1632455,1844656,838069,298090,443277,640155,490489,767030,1013468,747992,366523,351190,518935,479002,500486,497320,493344,490865,490902,494122,510072
20254,11710,송파구,11710720,잠실7동,708799,311710,397089,115733,86361,108557,124328,109112,164708,186414,162423,89322,83630,102339,84671,101937,102665,101599,101753,101246,98360,101240
20254,11710,송파구,11710710,잠실6동,2279811,1067090,1212722,346879,326645,415750,469479,322849,398209,375551,474272,366951,389025,442947,231066,332441,340126,346447,340104,337566,301805,281323
20254,11710,송파구,11710690,잠실4동,2039053,945089,1093964,465762,229659,294516,392979,280529,375610,592096,442821,221329,221472,298099,263236,285949,290670,291398,293646,291891,293682,291816
20254,11710,송파구,11710680,잠실3동,3450782,1505132,1945652,895234,388594,480457,643447,448101,594949,744007,691073,469398,494832,646669,404804,468673,473757,484794,495544,495081,525974,506959
20254,11710,송파구,11710670,잠실2동,2284176,1049258,1234917,704160,212315,238908,471345,316097,341349,715418,479884,227906,228917,326534,305515,319438,317170,323576,322254,326698,336601,338439
20254,11710,송파구,11710650,잠실본동,8098992,3823596,4275395,1221539,1241839,1579193,1480874,1136436,1439111,2071518,1584818,928463,965555,1457847,1090790,1115543,1115120,1131198,1144111,1166398,1226764,1199858
20254,11710,송파구,11710647,위례동,3485208,1564048,1921161,1160965,270070,487913,683768,415001,467491,961497,690571,373504,394609,590513,474515,484548,483838,488977,490289,492097,519649,525809
20254,11710,송파구,11710646,장지동,7312004,3413094,3898910,1396982,807154,1264638,1241183,1052766,1549281,2047092,1563328,794380,787458,1146214,973531,1036846,1033384,1033058,1033205,1033164,1057378,1084968
20254,11710,송파구,11710642,문정2동,2869130,1419249,1449882,291321,372969,635955,556963,441778,570145,647060,604787,405200,408224,478372,325487,425996,427568,433773,426726,425948,374765,354352
20254,11710,송파구,11710641,문정1동,4166110,1988596,2177514,579259,576639,834942,730446,593866,850959,1122835,879953,499319,480191,652166,531646,604808,600790,603017,603590,601661,573117,579129
20254,11710,송파구,11710632,가락2동,5650583,2618872,3031710,1030400,649797,853918,900479,868588,1347399,1528678,1175715,642892,645669,917740,739888,806665,799843,804836,804128,805056,809534,820522
20254,11710,송파구,11710631,가락1동,722437,352545,369891,134227,60919,125766,141775,105139,154610,185750,150426,85485,85214,121401,94161,102378,102539,104446,104257,104359,104137,100320
20254,11710,송파구,11710620,가락본동,8624496,4229126,4395371,1166781,1023507,1613837,1622475,1394900,1802995,2119578,1770289,1087306,1079402,1455374,1112548,1252486,1259498,1263126,1257270,1265654,1183854,1142610
20254,11710,송파구,11710610,삼전동,6080619,2803799,3276821,924054,851328,1301419,1094205,793939,1115676,1769981,1237449,648102,650809,967009,807271,861540,853302,852921,864641,861971,888521,897725
20254,11710,송파구,11710600,석촌동,6566484,3035980,3530504,912016,939287,1455041,1182708,861106,1216326,1752587,1333471,778339,765151,1080785,856152,915816,915827,927034,943337,944640,959265,960566
20254,11710,송파구,11710590,송파2동,3129787,1386661,1743125,718416,329754,470842,517175,416366,677235,810814,673903,381909,369537,499598,394026,448780,448120,449297,450438,452139,440593,440421
20254,11710,송파구,11710580,송파1동,5643356,2558768,3084586,672868,1006192,1300597,938994,731483,993223,1425780,1095234,678249,696711,1018693,728688,774233,776951,795523,803553,809274,852733,831088
20254,11710,송파구,11710570,오금동,9885963,4589467,5296496,2048594,974104,1272987,1519493,1561969,2508817,2623804,2099348,1197454,1149342,1577335,1238680,1415950,1408279,1388526,1413241,1410235,1413723,1436007
20254,11710,송파구,11710566,오륜동,760119,355325,404795,162579,86964,97439,134893,100938,177306,178536,164572,91549,94550,132257,98655,103591,103638,104327,106060,111916,114319,116266
20254,11710,송파구,11710562,방이2동,6391059,3043633,3347425,722249,1257441,1491937,1102950,794156,1022324,1579644,1220057,751991,772354,1190107,876904,874407,886387,908080,912335,933229,962410,914211
20254,11710,송파구,11710561,방이1동,3168269,1473142,1695127,853065,343488,406217,518449,420897,626152,682767,581023,379869,430207,691408,402995,446929,450847,445652,454554,456745,467420,446122
20254,11710,송파구,11710550,마천2동,4686662,2263954,2422708,673490,445183,586117,663761,799744,1518368,1349032,941653,498943,508537,757581,630916,655787,647329,649870,655897,655392,698355,724032
20254,11710,송파구,11710540,마천1동,2732721,1322486,1410235,466965,260208,330838,394873,484039,795798,829133,576151,272111,271017,409576,374732,382965,380163,374991,382387,381538,404708,425968
20254,11710,송파구,11710532,거여2동,3583768,1611238,1972530,636504,325295,526085,584159,548337,963388,1098016,744521,365911,354677,532110,488534,509446,505279,504657,508855,509438,518429,527666
20254,11710,송파구,11710531,거여1동,3344482,1588317,1756164,501450,352040,467779,521086,586234,915893,913963,683884,368624,370126,553497,454388,473833,469976,474768,470965,473095,487686,494157
20254,11710,송파구,11710520,풍납2동,5207645,2376667,2830977,908117,587712,811288,883422,833848,1183258,1507119,1133361,570861,551773,764274,680257,748485,747866,750763,751854,747525,723587,737566
20254,11710,송파구,11710510,풍납1동,4301974,1998344,2303631,581508,509826,678241,646065,696920,1189414,1225048,888415,463049,461133,683478,580852,605588,603643,604739,607642,609092,631697,639575
20254,11680,강남구,11680750,수서동,2221559,1045355,1176204,309456,213059,338896,376693,323485,659972,441368,516519,333875,309670,365925,254202,339301,339960,335068,333281,331667,274886,267397
20254,11680,강남구,11680740,일원2동,1332880,663534,669346,366129,109551,182591,271468,179159,223983,383837,288549,144004,140354,193764,182374,191030,192241,193970,193122,192068,182823,187626
20254,11680,강남구,11680730,일원1동,2550279,1229593,1320687,352919,319849,421900,464206,374791,616614,679993,538122,297444,287718,411877,335126,365231,364384,367686,364756,364452,360219,363553
20254,11680,강남구,11680720,일원본동,2494432,1209523,1284909,711007,187069,259984,454224,343490,538658,754640,547816,260553,236117,343949,351355,362392,361900,360573,358910,358114,340566,351973
20254,11680,강남구,11680700,세곡동,3415133,1545712,1869421,871511,317800,492484,597832,425507,709998,945988,718545,376701,372987,542469,458443,485754,481547,480778,485515,485150,491379,505010
20254,11680,강남구,11680690,개포4동,3295325,1540595,1754729,565525,350069,526892,603706,571343,677789,940816,706783,381271,370914,485425,410115,480444,474324,465153,479009,475027,456502,464866
20254,11680,강남구,11680670,개포2동,2151296,966435,1184860,568721,174508,261087,395583,295896,455500,536809,466068,267789,258173,348570,273886,308614,310813,313885,309317,312886,307330,288450
20254,11680,강남구,11680660,개포1동,2116394,940640,1175754,604723,148159,219879,420682,277503,445447,637410,455089,217863,209309,303351,293372,299630,297936,300090,298805,298039,301105,320788
20254,11680,강남구,11680656,도곡2동,3804580,1710196,2094385,973841,337883,431935,808704,591545,660673,926276,803373,510485,499639,611957,452850,551115,554067,558152,552266,553348,522115,513516
20254,11680,강남구,11680655,도곡1동,8887262,4180870,4706393,1891602,918100,1358527,1827520,1322596,1568918,2077185,1866812,1168248,1176448,1487807,1110763,1291157,1312514,1320601,1310308,1306186,1183836,1162662
20254,11680,강남구,11680650,역삼2동,11909485,5633916,6275570,2442306,1641753,2106737,2588039,1710184,1420466,2599336,2621795,1767291,1751199,1884085,1285780,1793418,1821850,1834558,1792714,1775533,1478977,1412436
20254,11680,강남구,11680640,역삼1동,19879130,10130217,9748913,1186367,4489130,5488291,4189328,2437882,2088131,3204860,4043022,3450925,3443501,3776193,1960630,3033972,3134767,3144882,3079555,3079220,2345975,2060758
20254,11680,강남구,11680630,대치4동,9932591,4914425,5018166,2599232,1318749,1562508,1932081,1463560,1056461,1879498,1922641,1474759,1524388,2010779,1120526,1424704,1461214,1465356,1453274,1465277,1387236,1275529
20254,11680,강남구,11680610,대치2동,6276201,3318807,2957394,1806487,685812,895487,1289663,843129,755623,1101410,1273245,982666,1046793,1234229,637857,932423,942073,934555,924967,924970,836105,781107
20254,11680,강남구,11680600,대치1동,4343954,2073656,2270297,1802346,307126,271242,858792,582310,522136,1035178,844471,523728,581917,815217,543442,613236,617047,607081,618517,626463,645112,616496
20254,11680,강남구,11680590,삼성2동,8719348,4264887,4454463,1421447,1162333,1684336,1954425,1316694,1180113,2052767,1900711,1220239,1207194,1354344,984094,1317666,1330486,1327886,1314189,1299991,1084107,1045023
20254,11680,강남구,11680580,삼성1동,4923443,2453142,2470301,566473,702196,1071925,1089430,758379,735040,750684,1066274,887100,883544,885277,450566,727259,745361,764904,760936,747987,612433,564563
20254,11680,강남구,11680565,청담동,9144809,4263760,4881049,1190406,1299668,1792724,1978862,1378689,1504458,1841638,1967480,1422594,1383126,1547996,981974,1303960,1359608,1372528,1361548,1378420,1254275,1114470
20254,11680,강남구,11680545,압구정동,7378991,3335291,4043700,1013342,1203413,1444374,1523915,1026407,1167539,1218782,1401511,1245633,1277822,1466913,768331,1030824,1081377,1090318,1092542,1131790,1046169,905970
20254,11680,강남구,11680531,논현2동,11457248,5670179,5787069,1140153,1866031,2770562,2547018,1575698,1557786,2198385,2359422,1863671,1861883,1987496,1186389,1740183,1795055,1802431,1764149,1734056,1375747,1245626
20254,11680,강남구,11680521,논현1동,9197399,4403347,4794053,541465,1937425,2441222,1920599,1168544,1188146,1902050,1921242,1378404,1388616,1608291,998797,1370469,1399983,1399086,1385343,1395646,1171319,1075554
20254,11680,강남구,11680510,신사동,6388755,2982056,3406699,724522,1146111,1378073,1343638,900384,896027,984065,1211887,1094313,1145359,1313436,639696,922877,957090,965113,954530,989196,867704,732245
20254,11650,서초구,11650660,내곡동,2082697,1013030,1069667,670941,147039,245397,355059,244975,419285,579874,467837,240296,233849,297686,263155,300113,299286,296670,302888,299079,289034,295625
20254,11650,서초구,11650652,양재2동,5553412,2900310,2653103,689269,720413,1182523,1124877,891588,944741,1243487,1202052,784593,762281,918319,642681,828237,832318,830824,827976,820837,714981,698241
20254,11650,서초구,11650651,양재1동,8533228,4282330,4250900,1433754,1005093,1618819,1648868,1247278,1579416,1824173,1855817,1260501,1225389,1423051,944297,1289188,1303018,1296826,1287582,1261836,1049873,1044905
20254,11650,서초구,11650621,방배4동,6684013,2961969,3722044,1253716,813550,993345,1257821,1039610,1325971,1602391,1383008,843812,851722,1161587,841492,962419,964983,958828,961048,975799,939955,920982
20254,11650,서초구,11650620,방배3동,3408265,1579125,1829140,642463,442442,466145,586111,533666,737439,960129,772550,399706,372095,474475,429312,492281,500152,496437,498203,491107,462648,467437
20254,11650,서초구,11650610,방배2동,4414785,2018137,2396647,673823,631868,728521,724949,656473,999151,1032128,892921,564037,558155,812869,554674,626485,628638,632282,636229,654178,639018,597955
20254,11650,서초구,11650600,방배1동,4382975,2031701,2351275,815532,602910,747484,761782,627224,828044,1077045,904398,565884,562929,739523,533195,638433,642613,641031,645408,635356,597059,583076
20254,11650,서초구,11650590,방배본동,4513220,2045771,2467450,1001509,461084,559886,853632,720419,916692,1210820,936715,530128,534859,725351,575346,642125,641088,645951,650664,650051,642716,640626
20254,11650,서초구,11650581,반포4동,5249392,2417364,2832029,1471028,431480,599916,1089127,766718,891123,1282714,1062988,660512,698860,916321,627996,757264,761475,763798,767075,771167,731773,696839
20254,11650,서초구,11650580,반포3동,3343985,1510967,1833019,803340,356829,400414,643271,552888,587242,754732,667783,429096,459140,619166,414066,455975,463734,480385,476878,489127,499036,478848
20254,11650,서초구,11650570,반포2동,1854981,845735,1009246,532189,175430,215940,372948,274430,284045,388565,412610,267722,267100,317411,201573,261997,266150,269019,268337,269201,263620,256656
20254,11650,서초구,11650560,반포1동,6731830,3245367,3486463,1122591,1045484,1346697,1424808,877587,914662,1657110,1403085,856978,865154,1128101,821402,962582,972677,980174,974681,987971,955431,898314
20254,11650,서초구,11650550,반포본동,505033,284062,220971,93722,56565,71689,101669,93868,87522,84764,140382,78744,74596,77014,49532,74210,75208,77720,74498,76465,69371,57564
20254,11650,서초구,11650540,잠원동,7130136,3374479,3755657,1280513,933792,1217758,1501554,1077965,1118554,1695410,1504898,943312,948437,1191034,847045,1037298,1047304,1043868,1040288,1056493,986652,918234
20254,11650,서초구,11650531,서초4동,6412189,3044813,3367376,1115581,1165390,1154412,1252073,881705,843031,1250630,1286506,980006,995548,1185776,713725,945696,957571,965025,950556,988567,861500,743273
20254,11650,서초구,11650530,서초3동,12120750,6038789,6081960,1585396,1849771,2317880,2407621,1966600,1993481,2383966,2637960,1910965,1856279,2064564,1267015,1797939,1850039,1856614,1833784,1814900,1498921,1468551
20254,11650,서초구,11650520,서초2동,6961783,3482233,3479550,842053,1122212,1629194,1533765,974239,860319,1255434,1511446,1139672,1112585,1237636,705010,1073293,1096351,1098702,1075256,1077578,811299,729302
20254,11650,서초구,11650510,서초1동,7451292,3599793,3851497,1009461,1109832,1342184,1464369,1192275,1333170,1561750,1613117,1098120,1085886,1274356,818061,1109441,1124665,1133515,1117195,1122055,957057,887366
20254,11620,관악구,11620775,난곡동,5533851,2640096,2893754,795533,700096,859364,843328,846501,1489029,1634799,1163189,580323,566289,840904,748347,787555,779507,759942,778544,769889,809487,848926
20254,11620,관악구,11620765,미성동,5242856,2386007,2856849,795242,736998,821325,808757,811125,1269411,1558651,1113374,562728,536788,776225,695090,752044,744229,735538,739198,735412,756284,780152
20254,11620,관악구,11620745,삼성동,6766414,3438243,3328173,599305,1315690,1004705,944397,1003163,1899154,1936093,1376906,725633,714473,1083193,930117,964544,961291,947973,963132,955367,977455,996652
20254,11620,관악구,11620735,대학동,6255851,3593798,2662054,524727,2067031,1240184,833066,688897,901947,1674482,1299226,713718,706485,1023591,838352,884965,883214,880263,893957,888244,907020,918191
20254,11620,관악구,11620725,조원동,7951028,4021637,3929391,522253,1603169,1915467,1431673,1125231,1353236,1945913,1616875,997112,1011719,1363902,1015508,1144798,1152427,1158643,1158078,1151052,1098597,1087433
20254,11620,관악구,11620715,난향동,1364163,650432,713730,286158,113782,159461,249345,235823,319594,357653,276067,159307,162269,231859,177008,195437,191087,188537,194123,192341,198281,204355
20254,11620,관악구,11620695,신림동,9705273,5085408,4619864,434627,3352586,2498261,1310316,920421,1189063,2617193,1950052,1043946,1057758,1678037,1358287,1319007,1318502,1337461,1362512,1375954,1489529,1502309
20254,11620,관악구,11620685,신사동,7229670,3428986,3800683,513466,1837462,1471700,1005908,962806,1438327,2147077,1544805,734499,714934,1095703,992652,1010911,1001043,1000366,1019622,1018565,1070704,1108458
20254,11620,관악구,11620665,서림동,4937272,2677015,2260258,497382,1319966,980809,674220,616358,848534,1548381,1055412,486802,459933,711728,675015,695394,687293,671278,691506,686897,733169,771733
20254,11620,관악구,11620655,신원동,5811278,2892184,2919093,521167,1417851,1273155,820319,703660,1075125,1688881,1195903,604831,591380,921506,808776,807275,796966,808238,817669,810496,866537,904096
20254,11620,관악구,11620645,서원동,5052650,2546048,2506601,378154,1342097,1137063,686212,607873,901251,1453685,1032399,528987,522881,812795,701902,698824,693260,698998,711951,714010,759183,776425
20254,11620,관악구,11620630,남현동,4081838,1954580,2127259,463194,749915,754356,587198,575325,951851,1127165,848632,437845,435713,681916,550568,565987,566939,567931,573626,581304,613533,612518
20254,11620,관악구,11620625,인헌동,5816345,2708312,3108033,664253,1348634,1169449,826055,724208,1083747,1678112,1218725,597223,586022,922465,813799,816581,810064,808046,825830,821399,853408,881018
20254,11620,관악구,11620615,중앙동,5027349,2351271,2676079,389784,1345180,1113628,672404,601878,904472,1430331,1034445,543743,537803,813167,667858,699567,697254,698426,708429,708820,754731,760121
20254,11620,관악구,11620605,은천동,8324370,3976046,4348325,1189298,1460128,1510905,1256602,1180488,1726951,2342323,1674585,895194,902369,1380081,1129815,1167138,1151449,1155369,1169438,1169405,1241057,1270512
20254,11620,관악구,11620595,청룡동,10714058,5185870,5528187,972193,3183910,2187529,1392250,1225876,1752299,3129809,2234381,1112385,1089230,1680200,1468053,1496125,1487296,1490927,1516149,1514415,1583349,1625798
20254,11620,관악구,11620585,낙성대동,5828945,2870153,2958793,603576,1954958,1207464,700079,584630,778238,1416028,1126472,673730,687737,1116039,808940,795162,804084,812365,828656,840783,883235,864658
20254,11620,관악구,11620575,행운동,7323276,3453271,3870005,838981,1755438,1558967,972336,865932,1331621,2149282,1552163,775303,754764,1110016,981749,1028669,1020944,1015911,1037320,1036037,1079769,1104625
20254,11620,관악구,11620565,성현동,4467630,2050848,2416783,796518,554546,683182,754936,678253,1000197,1306328,920614,455973,466756,705616,612342,630027,616678,616011,622978,626194,665620,690119
20254,11620,관악구,11620545,청림동,3114488,1477983,1636505,572185,365958,480490,518772,455014,722067,949788,640233,303682,304364,477160,439260,437113,435443,432723,436066,435322,460867,476952
20254,11620,관악구,11620525,보라매동,3627463,1755880,1871581,345124,728280,722380,567445,510588,753646,928716,784683,431582,427381,591336,463763,514564,512386,510376,516413,512917,523491,537316
20254,11590,동작구,11590680,신대방2동,5128366,2378230,2750137,743020,835610,928576,866794,719169,1035200,1366404,1082772,618877,606132,804245,649937,735605,734421,731021,739421,727728,720576,739592
20254,11590,동작구,11590670,신대방1동,3681061,1724096,1956967,492926,590671,641540,585327,586367,784231,1038850,784542,402145,391342,577337,486847,516313,514173,517965,520458,517832,537044,557278
20254,11590,동작구,11590660,대방동,7469075,3519625,3949450,1229236,1343931,1224044,1172250,1120729,1378884,2127192,1573987,801377,782400,1160289,1023830,1062667,1057874,1057463,1064511,1059424,1075521,1091616
20254,11590,동작구,11590651,사당5동,3163340,1470525,1692815,539184,436995,536048,522165,428808,700141,867051,679417,355139,341168,501551,419018,450508,445358,445888,449779,446077,458083,467648
20254,11590,동작구,11590650,사당4동,3908432,1807771,2100661,503242,613476,734562,599362,553454,904335,1157582,797939,393834,402012,618612,538454,545148,537943,538816,547728,546568,584102,608125
20254,11590,동작구,11590640,사당3동,5263167,2435943,2827225,841769,647788,847367,831233,771256,1323756,1565615,1089431,532373,530423,812220,733106,746894,734309,729906,742579,739530,775372,794578
20254,11590,동작구,11590630,사당2동,7211700,3326052,3885649,1232048,945746,1097019,1132731,1080766,1723390,1787148,1429470,830974,878608,1316166,969336,1005191,1004648,1017844,1019193,1037348,1077294,1050184
20254,11590,동작구,11590620,사당1동,6430891,3037506,3393384,610307,1363712,1353973,961528,845074,1296299,1695669,1294649,706601,701779,1149335,882858,896255,900774,906357,917998,944501,954800,910203
20254,11590,동작구,11590605,흑석동,5620853,2557744,3063110,897841,1383598,707678,797783,757007,1076946,1450289,1205370,704628,676230,882748,701587,815647,820550,827160,819961,806169,775018,756349
20254,11590,동작구,11590560,상도4동,5457795,2441044,3016751,881922,743193,906467,886711,795249,1244253,1721127,1144801,537132,510760,787793,756183,772561,763632,762604,769019,765872,798300,825806
20254,11590,동작구,11590550,상도3동,4609530,2092191,2517339,614555,735946,787423,672993,670855,1127760,1385137,937936,458836,460072,721671,645878,647157,637488,631326,646615,639463,690580,716901
20254,11590,동작구,11590540,상도2동,4840103,2199921,2640182,941128,703348,727834,793626,705755,968414,1293212,1016410,556684,553085,782792,637921,697025,695118,691912,695124,694344,687071,679509
20254,11590,동작구,11590530,상도1동,7813248,3717012,4096236,1163022,2249674,1001900,976528,941663,1480463,2110445,1597649,893103,897141,1296328,1018582,1103173,1104872,1106739,1118642,1099614,1139363,1140842
20254,11590,동작구,11590520,노량진2동,2753677,1386268,1367409,202817,635581,532545,381434,398987,602315,708922,582550,324643,324476,467938,345147,389062,390745,391841,395298,398930,401361,386442
20254,11590,동작구,11590510,노량진1동,6164302,3174870,2989432,644325,1857233,1190079,791573,701865,979229,1577742,1292080,720145,734000,1056487,783849,864846,868128,871983,878768,882285,908957,889335
20254,11560,영등포구,11560720,대림3동,6507885,3149476,3358409,554158,801490,1120296,1119062,1228017,1684860,1594616,1319657,781016,797412,1155755,859430,918918,915585,914574,918112,919452,949248,971994
20254,11560,영등포구,11560710,대림2동,4567025,2260094,2306932,321311,538889,800854,822881,929035,1154057,1210878,908073,525277,531952,779058,611787,641763,634137,631979,632810,634610,672201,719525
20254,11560,영등포구,11560700,대림1동,4170592,1952366,2218225,412318,491889,600550,696603,800122,1169109,1154513,841615,462451,463800,683713,564500,587875,577727,582354,580513,580549,611154,650418
20254,11560,영등포구,11560690,신길7동,3671364,1691954,1979409,732007,500519,605714,604335,530090,698700,920480,770518,429873,436062,638106,476326,517088,516071,518164,521722,523384,538865,536071
20254,11560,영등포구,11560680,신길6동,5716384,2612110,3104274,953303,797260,993447,915473,832782,1224119,1578072,1194947,636369,623698,928284,755014,815864,811346,813714,810899,814653,823687,826222
20254,11560,영등포구,11560670,신길5동,2984586,1403017,1581569,435052,304292,454029,510320,507465,773429,788811,634161,342625,331330,492853,394806,420850,416708,417756,417175,421251,436964,453882
20254,11560,영등포구,11560660,신길4동,2610643,1248756,1361887,310498,305731,423877,423793,413325,733417,792939,529320,260987,262692,401503,363200,368932,362726,360974,366675,365197,385885,400255
20254,11560,영등포구,11560650,신길3동,6167849,2984532,3183315,1021493,687943,961838,934022,987149,1575405,1752543,1235071,652817,662968,1012693,851757,870688,859265,858122,867552,866073,909002,937150
20254,11560,영등포구,11560630,신길1동,5574870,2735731,2839139,647239,883554,1001219,843316,847830,1351712,1567755,1189444,613304,598172,868762,737433,792274,784967,780944,791879,791347,806654,826806
20254,11560,영등포구,11560620,양평2동,4447422,2199988,2247434,563880,655741,1097155,853573,620076,656996,1176720,999851,552512,526184,644769,547386,658613,662635,666217,656784,653489,580703,568982
20254,11560,영등포구,11560610,양평1동,4532731,2165298,2367433,594541,688387,1065011,838749,621096,724948,1129826,996570,622587,590581,672631,520537,678679,674371,671769,669229,666799,584382,587499
20254,11560,영등포구,11560605,문래동,8882689,4302889,4579801,1324186,1207743,1732074,1720187,1299465,1599033,1688881,1815723,1297578,1339869,1712603,1028036,1266382,1273426,1305689,1296131,1317103,1248491,1175471
20254,11560,영등포구,11560585,도림동,5369227,2579931,2789297,662781,702635,986326,872374,848133,1296978,1587510,1093083,542321,542418,852336,751561,746265,733345,736522,746201,745653,809976,851266
20254,11560,영등포구,11560560,당산2동,9272229,4331120,4941110,1327463,1570427,2087368,1632284,1166876,1487811,2404431,2003314,1100865,1087882,1492359,1183376,1330535,1333249,1336187,1339684,1347671,1295527,1289377
20254,11560,영등포구,11560550,당산1동,6942751,3290758,3651993,616584,1227630,1635048,1196593,1000830,1266065,1556699,1450293,982762,971353,1179677,801967,1002335,1006333,1016765,1010033,1028354,961823,917106
20254,11560,영등포구,11560540,여의동,6337211,3232475,3104735,706964,853505,1354723,1423405,988103,1010511,1072381,1437173,1095350,1083959,1075193,573155,974000,1001727,1008745,986546,970099,711913,684182
20254,11560,영등포구,11560535,영등포동,11148410,5450780,5697631,849575,2319892,2729896,1890667,1498380,1860001,2185910,2207516,1657908,1742397,2105493,1249186,1537882,1565748,1596099,1606546,1649912,1657672,1534553
20254,11560,영등포구,11560515,영등포본동,6579464,3247744,3331720,862570,947295,1123065,1034169,1022675,1589689,1830596,1379192,723988,715543,1045481,884664,933461,923167,918024,928614,929976,964205,982018
20254,11545,금천구,11545710,시흥5동,3363888,1595979,1767909,500506,368753,467114,516723,608630,902160,935492,667498,359919,369686,565441,465854,478393,472034,470132,476500,474710,491498,500624
20254,11545,금천구,11545700,시흥4동,2078385,1001236,1077150,326719,202310,287482,324194,357465,580216,653957,434037,206381,201661,299609,282738,295237,290436,283442,291254,286786,306371,324859
20254,11545,금천구,11545690,시흥3동,1264712,632283,632429,171319,125561,183901,205856,212420,365654,380729,278552,130310,122951,181099,171071,185141,182048,179974,179681,177763,177686,182419
20254,11545,금천구,11545680,시흥2동,1431625,646188,785438,327312,114096,163662,219948,220376,386232,415018,293670,145958,150397,228013,198570,203389,200637,198015,200058,198804,210549,220172
20254,11545,금천구,11545670,시흥1동,5294857,2566981,2727877,682404,648411,883232,837710,909050,1334050,1365483,1050600,628348,633497,917206,699724,752457,747780,748649,754156,757620,767764,766431
20254,11545,금천구,11545640,독산4동,3697507,1794372,1903133,385396,448156,596329,585927,661051,1020645,1089295,746643,376560,374434,589563,521011,522838,513828,511842,520563,516090,544420,567923
20254,11545,금천구,11545630,독산3동,4480108,2180267,2299840,483846,580166,789510,743602,735560,1147423,1224319,918860,500777,505180,734786,596185,634110,628751,623295,633733,630010,654341,675870
20254,11545,금천구,11545620,독산2동,3059371,1469969,1589401,317660,368790,517877,479143,546483,829418,917594,620623,313037,313637,475229,419252,429677,423757,418477,427082,423195,455184,481997
20254,11545,금천구,11545610,독산1동,5228155,2677114,2551040,623760,903383,1138993,842916,748606,970496,1388909,1118845,605945,599291,836552,678614,749270,744855,745820,750349,747991,739303,750567
20254,11545,금천구,11545510,가산동,4748262,2596900,2151362,224940,1072185,1270820,860780,661169,658368,1110543,1044284,669200,647162,736378,540695,724194,724121,725047,717437,702481,572082,582899
20254,11530,구로구,11530800,항동,970623,469466,501157,269772,70025,161886,197141,114139,157661,292452,200830,100956,98917,143789,133678,137717,138791,140276,139992,138760,137397,137689
20254,11530,구로구,11530790,수궁동,1658436,758485,899951,296906,182874,205757,272587,272001,428311,449938,350385,180203,180252,273795,223862,235607,233613,233296,230177,230742,233888,261113
20254,11530,구로구,11530780,오류2동,4889147,2251965,2637182,1005165,557075,712401,781995,693387,1139125,1453631,1017460,501528,497659,753030,665842,691059,687408,685223,695336,686892,709880,733351
20254,11530,구로구,11530770,오류1동,4142141,1909725,2232418,566552,682097,727466,616109,598558,951362,1128990,817498,443083,462045,710340,580184,578440,572919,575232,583961,580913,619767,630908
20254,11530,구로구,11530760,개봉3동,4465832,2118447,2347384,789228,439311,664660,797792,708687,1066156,1116129,837449,509394,550073,829035,623753,626561,623389,629955,631795,631716,654426,667989
20254,11530,구로구,11530750,개봉2동,3645289,1633685,2011603,500482,446915,597146,577712,556739,966293,1043485,731483,362416,375440,615215,517250,509832,502157,503937,506732,507724,549915,564990
20254,11530,구로구,11530740,개봉1동,7562772,3563246,3999526,1136564,822634,1159922,1158380,1241546,2043728,2182168,1542552,808116,801678,1203841,1024415,1068609,1056978,1046619,1061117,1054598,1121048,1153801
20254,11530,구로구,11530730,고척2동,5097723,2353737,2743987,1019377,482855,657813,774170,840348,1323159,1527625,1062117,537046,519370,764422,687144,725603,715508,704039,715429,717380,747160,772606
20254,11530,구로구,11530720,고척1동,4574346,2152887,2421458,781859,607901,703967,705377,710691,1064551,1248513,936111,529259,522194,740928,597338,641011,637741,641947,647526,645216,676584,684322
20254,11530,구로구,11530595,가리봉동,3116192,1723958,1392234,109206,583705,713794,603890,537263,568334,771139,663284,405489,392870,507852,375558,457397,457376,452179,452548,447018,413920,435752
20254,11530,구로구,11530560,구로5동,6771834,3262006,3509829,846013,1016458,1277315,1121286,1069003,1441759,1604199,1405267,861839,862117,1192554,845858,955793,950372,963484,962287,969328,984843,985728
20254,11530,구로구,11530550,구로4동,7046680,3490390,3556289,616487,761063,1127105,1304781,1356370,1880873,1764794,1418563,844149,889035,1233390,896748,1017209,1009106,1004932,1007941,1005597,991157,1010738
20254,11530,구로구,11530540,구로3동,7666393,3891092,3775301,773632,1117995,1529463,1478526,1233285,1533493,1730643,1669528,1019712,1010626,1314736,921148,1152385,1147895,1142104,1137701,1128750,978640,978921
20254,11530,구로구,11530530,구로2동,8902548,4329740,4572808,778426,992234,1455765,1554334,1778140,2343648,2344636,1881246,1066143,1057579,1420335,1132609,1283832,1271325,1267321,1267008,1260058,1249887,1303113
20254,11530,구로구,11530520,구로1동,1932876,932088,1000787,454434,190254,326684,338394,271125,351984,524594,431268,225212,214781,293303,243718,281091,279162,279155,281744,277345,263968,270410
20254,11530,구로구,11530510,신도림동,6336361,2878702,3457659,1489784,672346,1039527,1148910,841560,1144234,1607289,1299257,760700,770473,1074120,824522,882148,882470,888217,892792,898300,941563,950870
20254,11500,강서구,11500641,방화3동,2348911,1110014,1238895,376542,216983,371325,396579,353436,634046,715441,489025,241178,236819,346050,320398,333043,330669,326972,331750,332248,340861,353368
20254,11500,강서구,11500640,방화2동,3895935,1883085,2012851,445373,524868,736701,644098,583083,961814,1029632,813978,468098,462650,627355,494221,547811,547557,549528,553569,548872,566309,582292
20254,11500,강서구,11500630,방화1동,7065046,3344060,3720986,1283963,696161,1118604,1221674,1018994,1725650,1945874,1454847,799023,795649,1135316,934337,1001668,995596,994673,1001745,1005153,1024550,1041663
20254,11500,강서구,11500620,공항동,5445697,2714365,2731332,1275022,618300,835947,972368,699854,1044209,1649409,1149479,585433,556661,785428,719287,782482,780769,782865,783513,779848,764763,771457
20254,11500,강서구,11500615,우장산동,7217707,3280160,3937547,1493406,983431,1072188,1256587,1012991,1399105,1958791,1513221,806699,801874,1179256,957864,1020741,1017715,1018844,1023821,1032291,1051488,1052807
20254,11500,강서구,11500611,발산1동,5403377,2397713,3005662,1508626,588103,638828,894238,788266,985317,1503786,1194651,635375,597633,790520,681411,787600,788596,772887,784389,778793,744954,746161
20254,11500,강서구,11500605,가양3동,1522364,729910,792455,126197,159528,360967,271700,208368,395606,421364,324600,179949,177034,229607,189809,221080,219070,224676,223518,214811,211065,208144
20254,11500,강서구,11500604,가양2동,1917285,864664,1052622,192214,192863,347104,280781,241177,663145,472662,411973,230811,235110,322714,244016,276725,274820,273478,273190,273568,271705,273799
20254,11500,강서구,11500603,가양1동,3038875,1494134,1544741,360526,473955,725353,551374,414272,513398,631022,667973,456598,445518,503919,333845,457438,460774,461171,456712,450997,383636,368147
20254,11500,강서구,11500593,화곡8동,10456932,4928319,5528614,1855496,1395210,1772693,1905157,1492239,2036137,2788122,2120397,1200081,1223002,1746142,1379189,1479510,1483680,1484739,1501040,1485252,1512104,1510608
20254,11500,강서구,11500591,화곡6동,5592162,2577193,3014970,599537,928772,1184248,967517,754959,1157130,1512931,1162114,631056,621655,910071,754335,782236,776675,787135,784526,794205,824701,842684
20254,11500,강서구,11500590,화곡본동,8121496,3784467,4337028,1306914,1195177,1454635,1321125,1102481,1741164,2478513,1686972,814133,800074,1224061,1117743,1137278,1127538,1124324,1143581,1135849,1200179,1252746
20254,11500,강서구,11500570,화곡4동,3685160,1684767,2000394,718868,443228,522148,585012,558737,857168,1092535,770764,394845,376025,553458,497534,524810,521843,514555,522290,519074,535270,547317
20254,11500,강서구,11500560,화곡3동,3450347,1577965,1872383,546396,476361,558427,560134,472747,836282,896131,679638,392444,403432,609514,469188,483687,480796,484010,484614,488693,513697,514851
20254,11500,강서구,11500550,화곡2동,3762504,1719274,2043230,637004,460618,563745,635169,577604,888368,1094874,757686,391406,400797,603307,514437,528627,522981,522942,527772,526218,557809,576156
20254,11500,강서구,11500540,화곡1동,15716871,7392221,8324650,1752924,2623209,3130291,2610244,2190589,3409614,4171549,3174172,1773701,1796672,2661318,2139457,2209064,2194610,2200515,2225901,2212618,2310803,2363362
20254,11500,강서구,11500535,등촌3동,7159372,3313900,3845471,1027062,913229,1295858,1176214,959455,1787554,1923204,1502433,870619,836643,1115875,910598,1026081,1023227,1031625,1024641,1034176,1003671,1015952
20254,11500,강서구,11500530,등촌2동,3851931,1764209,2087721,618200,503480,766626,631588,519944,812091,1147064,824169,407068,395056,562574,515999,548625,542918,539974,546124,542778,557718,573795
20254,11500,강서구,11500520,등촌1동,4377382,2024959,2352422,484221,643892,1107355,757293,556761,827858,1303829,932977,480774,452229,634340,573233,627671,624855,621484,627773,627668,617466,630463
20254,11500,강서구,11500510,염창동,8055365,3740077,4315289,1789078,815035,1564829,1537363,1015484,1333578,2346114,1684846,829263,821640,1245877,1127626,1147351,1141876,1147177,1153077,1151638,1147072,1167176
20254,11470,양천구,11470680,신정7동,2843638,1294424,1549214,750130,238202,293371,487945,418310,655679,848867,576049,285858,291823,446663,394377,401323,399162,396910,402918,403779,416251,423295
20254,11470,양천구,11470670,신정6동,1921925,864428,1057496,563359,153075,192947,377966,269981,364597,511036,397976,218443,225122,323706,245644,272999,272975,273164,274835,274617,274817,278519
20254,11470,양천구,11470650,신정4동,10315271,4871981,5443291,1779008,1411819,1538177,1746067,1572424,2267777,2926618,2147632,1133846,1124684,1622533,1359960,1463418,1456088,1459249,1466802,1466397,1499001,1504316
20254,11470,양천구,11470640,신정3동,7113018,3260729,3852290,1541093,722133,923477,1141856,1120901,1663561,2214762,1542275,725060,660553,981239,989128,1021195,1013674,1006066,1014232,1014213,999093,1044543
20254,11470,양천구,11470630,신정2동,4161072,1929281,2231791,1192962,388510,415463,750279,632968,780890,1127935,838770,471679,476450,699291,546948,582997,584640,584299,589596,592548,611548,615444
20254,11470,양천구,11470620,신정1동,3000200,1405719,1594481,751985,296328,333556,567143,455573,595613,756635,594275,352560,365164,537438,394128,420675,419985,423502,424668,426095,441245,444030
20254,11470,양천구,11470611,신월7동,2048951,981368,1067583,312195,196678,277219,298036,335143,629681,530917,413098,230263,231161,357800,285713,289197,286976,284480,288196,286473,302626,311002
20254,11470,양천구,11470610,신월6동,810274,391700,418575,131545,74585,121419,139991,133663,209071,178645,166631,104066,109052,148373,103509,115418,115094,113730,115516,115440,116463,118612
20254,11470,양천구,11470600,신월5동,2898280,1366913,1531368,548877,318824,440807,456800,405689,727285,747131,622968,364999,342449,459503,361232,417304,413763,410465,418307,410844,406975,420624
20254,11470,양천구,11470590,신월4동,3219494,1508596,1710898,724935,284827,393198,536543,475701,804287,968080,653451,327811,327191,498532,444428,456944,451948,447158,455124,456277,469672,482370
20254,11470,양천구,11470580,신월3동,2588710,1290227,1298484,400525,268836,353796,418016,436509,711030,724303,553288,296385,287144,391755,335836,373303,368422,362406,365885,364200,371332,383160
20254,11470,양천구,11470570,신월2동,3850761,1803971,2046788,770371,377276,553878,656176,560143,932916,1096507,795550,414155,415070,606687,522792,543154,535767,536453,548532,545585,562548,578723
20254,11470,양천구,11470560,신월1동,3944208,1923111,2021098,526059,427703,596968,650825,617098,1125557,1137300,804954,426471,426250,618929,530304,554356,548215,543803,553924,555510,584175,604223
20254,11470,양천구,11470550,목5동,4744998,2190069,2554929,1594892,395259,390191,916635,655195,792827,1251128,947779,521303,552433,830584,641770,661806,661468,669135,668851,673148,703374,707217
20254,11470,양천구,11470540,목4동,5641166,2675000,2966167,1335549,694701,657119,912555,957249,1083994,1708936,1169064,573479,565169,846143,778375,799681,790310,786132,800442,799658,823713,841230
20254,11470,양천구,11470530,목3동,5064708,2305986,2758722,845328,584422,848076,802264,749394,1235223,1403988,1018886,546340,542622,835081,717791,714949,706694,713368,716292,715701,739146,758558
20254,11470,양천구,11470520,목2동,5998419,2754511,3243909,995790,771961,1083739,953357,880644,1312929,1826929,1257986,590712,577441,910630,834722,841345,831684,833709,843014,840808,891186,916673
20254,11470,양천구,11470510,목1동,4399803,2019792,2380010,1244253,453217,499228,877358,644242,681505,870849,856670,607069,643496,885782,535934,613084,620925,631552,630714,644253,651783,607493
20254,11440,마포구,11440740,상암동,5255543,2526499,2729044,812445,785886,1043987,1063331,777297,772598,1143482,1145158,760483,729617,876397,600407,791564,805143,803154,792959,779632,658678,624413
20254,11440,마포구,11440730,성산2동,6315492,2786931,3528561,964853,999646,1160296,1074209,936569,1179919,1895024,1335161,645134,632148,946520,861505,887910,887322,892821,889236,891356,922337,944512
20254,11440,마포구,11440720,성산1동,5996631,2675146,3321484,818794,955106,1169900,1155051,891447,1006333,1598110,1268762,705080,694978,960295,769405,850905,844973,852311,854229,853349,860649,880214
20254,11440,마포구,11440710,연남동,6472654,2814236,3658417,639732,1663705,1401794,1085453,746886,935084,1594013,1228261,785094,845649,1194628,825009,875899,879975,907994,914328,924583,1000755,969121
20254,11440,마포구,11440700,망원2동,5436766,2441089,2995678,737211,763696,988436,960351,863367,1123705,1579597,1110834,570724,577706,860931,736974,755088,749812,748460,758196,759198,822697,843314
20254,11440,마포구,11440690,망원1동,6675902,2960312,3715590,653570,1258419,1481489,1155469,881332,1245622,1909973,1305703,718962,744530,1087056,909676,900022,901831,915481,932222,943220,1040769,1042356
20254,11440,마포구,11440680,합정동,4345602,1999129,2346472,426930,958162,1054491,752062,533632,620323,948789,846211,592942,595246,826325,536090,599170,608985,614088,623693,638322,643413,617931
20254,11440,마포구,11440660,서교동,17215576,7642879,9572697,1876640,5790726,3528849,2598745,1705927,1714688,2873455,2806267,2561187,2976878,3931425,2066364,2254724,2318081,2415597,2453816,2573969,2754134,2445255
20254,11440,마포구,11440655,서강동,6251903,2999919,3251984,973797,1537950,1050310,955589,756517,977739,1566736,1264912,766473,791075,1077154,785552,867735,875737,892908,902610,905365,911605,895942
20254,11440,마포구,11440630,신수동,4801286,2323841,2477444,873105,831480,718008,787756,702179,888758,1236682,1004366,582951,579462,798117,599708,681622,680522,683014,688801,684849,689421,693056
20254,11440,마포구,11440610,염리동,5676830,2519827,3157002,1145017,720599,952874,1163656,799411,895272,1583012,1174634,639266,624495,895839,759584,813498,816857,824532,824537,816907,790144,790355
20254,11440,마포구,11440600,대흥동,7461423,3319264,4142160,1040123,2316311,1172624,1085469,846502,1000397,1678009,1540771,977555,1003144,1357336,904608,1060022,1072005,1087451,1085308,1076751,1063509,1016378
20254,11440,마포구,11440590,용강동,5648742,2628175,3020567,1142396,588656,938343,1133326,853960,992063,1441469,1159291,692906,694470,963160,697445,814477,818890,817713,823008,821707,787950,764996
20254,11440,마포구,11440585,도화동,3919091,1803579,2115511,454701,542470,799992,698545,607045,816335,827207,772711,518141,532567,773913,494551,555950,554676,560324,558914,567292,569403,552531
20254,11440,마포구,11440565,공덕동,12052148,5556062,6496087,1759326,1708613,2237241,2058137,1843976,2444855,3289529,2557481,1383801,1333759,1901395,1586181,1720314,1717064,1747336,1731955,1725155,1694957,1715365
20254,11440,마포구,11440555,아현동,7711312,3315270,4396043,1564927,911277,1408876,1427130,1096704,1302398,1984756,1673174,945276,929605,1237421,941081,1116126,1120611,1135089,1122248,1121977,1047847,1047416
20254,11410,서대문구,11410720,북가좌2동,9198516,4121730,5076786,1476238,1273959,1342414,1482236,1434900,2188768,2571077,1847812,979967,1002838,1529476,1267345,1294169,1284838,1285652,1292017,1292589,1352485,1396765
20254,11410,서대문구,11410710,북가좌1동,2716782,1234626,1482156,595810,251840,364433,474628,439117,590955,793190,551761,276114,277821,434584,383312,383236,379119,383985,381886,381884,397498,409172
20254,11410,서대문구,11410700,남가좌2동,6194336,2783166,3411170,1084205,1395842,807634,910792,799888,1195974,1619199,1294501,749562,730089,1008378,792607,882337,888235,896283,896181,862682,883624,884995
20254,11410,서대문구,11410690,남가좌1동,1265629,558004,707624,334095,121201,169765,228808,179104,232653,302501,255230,145999,164472,235379,162048,174776,173266,172924,175824,179759,197595,191483
20254,11410,서대문구,11410685,홍은2동,4623700,2080063,2543637,767667,783253,587801,689292,707975,1087711,1296621,1006960,528525,510180,689213,592201,661350,662038,664401,665936,650070,650523,669382
20254,11410,서대문구,11410660,홍은1동,4064357,1836861,2227496,546144,479498,605763,634401,682923,1115626,1188563,839123,411918,413675,646181,564898,566971,558143,561465,560728,560046,614220,642783
20254,11410,서대문구,11410655,홍제2동,2338935,1019953,1318983,331260,270320,347358,360176,395254,634567,631895,451250,243542,262909,417199,332140,327283,323024,321220,322212,330645,354565,359986
20254,11410,서대문구,11410640,홍제3동,3589686,1616139,1973548,495503,448271,494817,525760,603759,1021577,905107,731302,419503,428837,622746,482194,505886,503713,512275,508134,505974,522628,531077
20254,11410,서대문구,11410620,홍제1동,5384895,2361571,3023324,830272,663323,737415,778452,884947,1490487,1492800,1131378,599053,594695,855911,711059,760568,752887,752520,758582,762721,794975,802641
20254,11410,서대문구,11410615,연희동,8843908,3974150,4869758,1112292,2047020,1398926,1377046,1242559,1666066,2378264,1909224,1054999,1029843,1370676,1100902,1245127,1246540,1255942,1264793,1259133,1282211,1290163
20254,11410,서대문구,11410585,신촌동,10581648,4233195,6348454,999876,5093878,1665998,1023535,869429,928932,2255152,1989532,1431848,1467746,2095979,1341391,1451247,1488023,1515523,1534064,1553687,1570854,1468252
20254,11410,서대문구,11410565,충현동,10746254,4904663,5841591,1180803,1774648,2108471,2117600,1737043,1827688,2200319,2353830,1656366,1670786,1757989,1106965,1626187,1663231,1663305,1640022,1595226,1296498,1261786
20254,11410,서대문구,11410555,북아현동,26535149,12299161,14235988,3118008,4446050,5527968,5641553,4135114,3666454,5417592,5741720,4175730,4313064,4230568,2656476,4007767,4136169,4179721,4102933,4012614,3137019,2958925
20254,11410,서대문구,11410520,천연동,3212534,1464752,1747784,540841,401856,425133,524233,558806,761664,862069,677451,377008,358489,515754,421765,457217,462976,465374,465678,459663,454756,446871
20254,11380,은평구,11380690,진관동,6697611,3007486,3690126,1752090,679210,718954,1110224,1031226,1405906,1954227,1403300,710482,699900,1028102,901603,945829,939049,935429,942375,942273,982934,1009723
20254,11380,은평구,11380650,수색동,2454828,1148277,1306549,311166,303299,479601,452970,419580,488212,709907,510849,257493,259539,385705,331334,345935,345879,346710,346125,345007,359094,366078
20254,11380,은평구,11380640,증산동,2834083,1306066,1528015,407400,340973,442660,457809,473842,711399,820266,597950,297411,291225,442436,384794,401041,396884,400248,401951,400090,411925,421943
20254,11380,은평구,11380632,신사2동,2622674,1228901,1393771,463752,286484,379535,404437,398957,689507,733305,565204,290897,281232,407734,344303,374987,370572,369188,372226,367386,377197,391115
20254,11380,은평구,11380631,신사1동,5737884,2573660,3164222,904012,702720,868055,946473,920039,1396586,1719351,1163640,574134,579049,901316,800392,805564,794858,800161,802302,801645,852522,880831
20254,11380,은평구,11380625,역촌동,11321196,5053808,6267387,1779561,1430665,1642462,1856768,1833926,2777812,3217830,2280510,1197496,1211877,1853789,1559693,1586287,1566965,1586368,1590262,1586756,1683805,1720753
20254,11380,은평구,11380600,응암3동,7463607,3436471,4027137,916132,986912,1106102,1252103,1199358,2003000,2110969,1498092,807581,798745,1201849,1046372,1056249,1049308,1058225,1053055,1058583,1085650,1102535
20254,11380,은평구,11380590,응암2동,3960622,1818820,2141803,953072,321658,560951,796957,529312,798671,1113075,815873,431076,429526,641480,529590,554822,550698,555804,556477,553579,585156,604088
20254,11380,은평구,11380580,응암1동,5195466,2266741,2928725,820603,718010,847667,951766,753408,1104013,1502421,1065044,547586,543429,831742,705246,730594,722957,727491,731989,737236,771964,773234
20254,11380,은평구,11380570,대조동,12420998,5522205,6898790,1790369,1720511,2208804,2054585,1887132,2759596,3504243,2516401,1333199,1345401,2015021,1706731,1745629,1746116,1771071,1769677,1767427,1817836,1803242
20254,11380,은평구,11380560,구산동,5247816,2288170,2959645,1013350,607093,675220,795407,847650,1309096,1568081,1109838,560967,532321,774301,702308,750083,745146,747524,744671,739134,748243,773016
20254,11380,은평구,11380552,갈현2동,5913963,2666660,3247302,1052757,787521,800703,935076,932625,1405282,1653402,1234998,636643,629383,948292,811244,838960,833007,832029,837377,836699,861487,874404
20254,11380,은평구,11380551,갈현1동,5255649,2426815,2828835,736380,765816,817986,809277,823564,1302628,1261868,1100837,637324,638612,935608,681399,742503,738396,746653,745133,756552,768197,758214
20254,11380,은평구,11380530,불광2동,5143179,2376742,2766436,703532,669540,744822,725138,842028,1458117,1518633,1079813,549963,521198,773725,699847,731659,722462,723961,727133,722000,742618,773345
20254,11380,은평구,11380520,불광1동,5025915,2262417,2763498,736197,609816,740414,736306,794555,1408628,1441127,1019108,539661,546559,804846,674615,708334,699933,692428,704493,704749,747486,768492
20254,11380,은평구,11380510,녹번동,6326802,2768769,3558032,882948,788111,1023977,1017464,1022814,1591490,1923163,1323382,641315,628484,943902,866555,897865,890725,893181,898142,897065,917622,932202
20254,11350,노원구,11350720,상계10동,1997677,881692,1115985,335853,290467,312819,288213,309575,460751,477015,385133,243670,261045,370497,260318,275340,277647,277757,277637,285797,303904,299593
20254,11350,노원구,11350710,상계9동,1764587,788790,975796,381491,178522,241783,252626,261787,448379,506816,370918,190830,182159,271111,242753,254460,250595,250715,251592,251737,249309,256179
20254,11350,노원구,11350700,상계8동,999826,446274,553552,227226,97112,171347,154495,135163,214484,294921,203741,99415,97174,156768,147809,141926,140500,142412,141558,142273,143927,147231
20254,11350,노원구,11350695,상계6?7동,6079845,2634533,3445312,994046,793581,896287,963292,1017280,1415358,1392583,1234007,826606,839460,1060347,726842,865237,867964,878984,876117,884313,870147,837081
20254,11350,노원구,11350670,상계5동,5306644,2419854,2886789,742483,598792,614475,755341,958428,1637124,1444524,1057029,578804,596888,903182,726218,748436,740552,744958,742734,743133,781655,805176
20254,11350,노원구,11350665,상계3?4동,7979814,3752887,4226927,1220122,824487,872306,1210676,1433810,2418414,2179862,1626602,870385,890097,1344394,1068473,1117619,1102037,1100938,1110533,1104578,1206587,1237525
20254,11350,노원구,11350640,상계2동,10163366,4744992,5418375,1579775,1560464,1349474,1421297,1683308,2569050,2355373,1936067,1270087,1338458,1944024,1319360,1392339,1403308,1428894,1431417,1454356,1534396,1518656
20254,11350,노원구,11350630,상계1동,6566475,2992911,3573565,1039689,670319,794500,936614,1095616,2029735,1731277,1323762,760370,761764,1125081,864222,919364,908554,909611,916888,916595,982641,1012821
20254,11350,노원구,11350625,중계2?3동,4456423,1958871,2497553,874993,473343,569842,727459,736294,1074491,1278804,936263,495581,475929,674324,595524,633037,630440,630686,632285,631702,641521,656752
20254,11350,노원구,11350624,중계4동,2874350,1354283,1520069,543182,311190,280092,427876,511320,800692,776989,568794,320799,329831,486277,391662,407206,407355,404378,406773,409057,419433,420151
20254,11350,노원구,11350621,중계1동,3727229,1725255,2001973,1171830,354674,285090,657807,596155,661674,1007368,741889,412829,437800,642651,484691,523019,524060,525963,529920,530199,550435,543631
20254,11350,노원구,11350619,중계본동,3682707,1668617,2014090,1194694,348895,259065,667808,607094,605151,891219,704833,430154,477172,712139,467191,509045,508119,500167,506970,510432,575260,572714
20254,11350,노원구,11350612,하계2동,2564244,1149413,1414831,423038,302892,348256,433895,437145,619018,721127,535514,271901,275573,410242,349889,359375,356507,363847,359130,358654,379753,386980
20254,11350,노원구,11350611,하계1동,3642081,1725595,1916486,658065,559032,386987,493551,605043,939402,933283,788787,461037,437951,574103,446920,518068,523078,527256,523274,515633,507942,526828
20254,11350,노원구,11350600,공릉2동,8198449,3846287,4352160,1581042,1680959,1046261,1210921,1073115,1606151,2257863,1726503,928820,904367,1297181,1083714,1159405,1160372,1167788,1173232,1168796,1175721,1193136
20254,11350,노원구,11350595,공릉1동,10139716,4707112,5432604,1421977,1948873,1392643,1454362,1443970,2477889,2718117,2071670,1151066,1154894,1700627,1343341,1424878,1415974,1431086,1436218,1446629,1491810,1493121
20254,11350,노원구,11350580,월계3동,2300869,1064921,1235947,381416,263367,335561,358040,349084,613404,645562,482491,247015,250200,366376,309225,325075,320497,318505,320751,323058,345840,347143
20254,11350,노원구,11350570,월계2동,3670360,1644846,2025514,706859,414787,416952,576056,553302,1002401,1215435,798809,354416,317123,471964,512614,536052,532400,528340,528761,516230,504325,524251
20254,11350,노원구,11350560,월계1동,4573146,2419599,2153547,789142,1119615,540563,582730,600442,940653,1176667,956441,565461,548966,750810,574801,662070,659949,669342,661994,643832,637511,638448
20254,11320,도봉구,11320710,방학3동,3052402,1431068,1621334,657801,251909,313328,453854,452316,923194,940186,637814,310879,292296,450764,420462,431515,424403,423397,431186,425486,449205,467209
20254,11320,도봉구,11320700,방학2동,2671617,1278127,1393490,315607,260103,309292,378768,473126,934721,722560,530863,298796,306935,450149,362313,379108,371099,371971,374164,371429,396205,407638
20254,11320,도봉구,11320690,방학1동,6491419,3031600,3459820,870059,754248,807370,1001041,1152735,1905967,1581574,1293512,787353,823281,1166960,838739,911607,903702,909775,909789,910794,965675,980077
20254,11320,도봉구,11320681,쌍문4동,2580736,1205783,1374952,627007,220504,290758,381963,378236,682269,702780,548671,285087,288761,414043,341394,374068,369083,360476,363248,363994,367991,381875
20254,11320,도봉구,11320680,쌍문3동,5550556,2496639,3053917,825855,753950,777322,823363,862142,1507925,1477210,1168420,640664,624202,906767,733294,793372,786811,787940,780394,785510,798876,817652
20254,11320,도봉구,11320670,쌍문2동,4395357,2003168,2392190,661849,508990,597598,648653,722204,1256061,1216021,901514,495120,489379,704938,588384,628597,625258,620102,625035,624666,626552,645147
20254,11320,도봉구,11320660,쌍문1동,4759692,2092089,2667603,794063,780965,552050,635089,727362,1270162,1363744,990188,527996,514934,731950,630879,682859,680064,680209,676892,652841,676922,709904
20254,11320,도봉구,11320522,도봉2동,3037470,1431152,1606318,424670,294283,386326,463167,510753,958273,850526,631806,329947,329190,484205,411797,433063,429124,433620,429185,427034,436730,448713
20254,11320,도봉구,11320521,도봉1동,3678050,1781218,1896833,448634,357375,423404,498518,660997,1289122,998833,769704,422824,429422,586930,470339,518478,513714,512453,516970,513609,537443,565381
20254,11320,도봉구,11320515,창5동,3752012,1705189,2046823,576231,468923,547874,551921,601229,1005833,861908,750576,466872,485931,708083,478643,529900,526957,532557,532383,534464,552264,543484
20254,11320,도봉구,11320514,창4동,3460963,1626380,1834582,563315,400137,463850,530019,589522,914117,961502,740497,398299,388578,524375,447710,488054,485616,491382,488451,496534,502994,507930
20254,11320,도봉구,11320513,창3동,3370605,1554894,1815712,511067,359724,372195,529605,605153,992862,950357,685952,367794,362785,543175,460544,477021,471768,478752,476140,468285,487449,511191
20254,11320,도봉구,11320512,창2동,10233578,4771939,5461639,1473341,1434302,1494384,1588991,1569263,2673296,3103208,2077559,1017967,1028268,1567492,1439086,1448162,1425985,1428640,1434209,1425997,1509240,1561347
20254,11320,도봉구,11320511,창1동,3357329,1568318,1789010,511683,423773,476199,496793,548266,900613,874514,698143,395836,394161,558280,436397,475402,473550,477156,475084,477206,484904,494028
20254,11305,강북구,11305660,인수동,8010678,3675087,4335590,1251911,946838,943545,1183981,1299779,2384622,2360248,1666626,847379,836502,1223960,1075963,1141883,1127615,1132552,1128819,1124801,1159541,1195468
20254,11305,강북구,11305645,우이동,3832585,1677455,2155130,554945,555302,457475,578743,628201,1057918,1087785,789549,435971,427381,589891,502008,538592,536132,538847,540095,528518,564589,585812
20254,11305,강북구,11305635,수유3동,9345749,4341472,5004277,857436,2015580,1401723,1408692,1480446,2181870,2346994,1805577,1090964,1131780,1698553,1271879,1297564,1291727,1325477,1322728,1344715,1395011,1368527
20254,11305,강북구,11305625,수유2동,5136332,2303017,2833314,625790,721162,598390,783379,893874,1513737,1305055,1008622,598145,613750,919645,691113,726207,715468,722164,718219,713800,755187,785287
20254,11305,강북구,11305615,수유1동,5950980,2758415,3192564,822095,878293,765045,845239,949758,1690550,1699077,1277405,680432,648379,877962,767724,855158,846215,839360,841848,841769,845854,880776
20254,11305,강북구,11305608,번3동,2930090,1328867,1601221,428081,287727,322227,426024,516280,949752,873791,602177,301152,298181,449922,404867,420221,416755,412617,412826,413740,420033,433897
20254,11305,강북구,11305603,번2동,2708048,1279435,1428613,358745,332219,346125,371545,463102,836312,845236,574945,278696,260302,386800,362069,385490,380968,375399,382828,378939,393461,410962
20254,11305,강북구,11305595,번1동,6453446,2999736,3453710,684259,1222377,944796,969383,1056799,1575829,1695844,1326063,763863,765729,1068031,833916,917407,913813,907659,913295,923695,932028,945548
20254,11305,강북구,11305575,삼각산동,2962903,1345956,1616948,753581,279047,316869,498887,476205,638314,762801,609671,343346,367269,506177,373640,415241,411343,416501,413848,411523,438691,455759
20254,11305,강북구,11305555,송천동,10147588,4599785,5547803,1648324,1098885,1194254,1458820,1760168,2987138,2675876,2159863,1220886,1176197,1624026,1290743,1459139,1440357,1435878,1432312,1444773,1454678,1480452
20254,11305,강북구,11305545,송중동,11297871,5081790,6216079,1632675,1539939,1491133,1711347,1913756,3009021,3034034,2266000,1295104,1314799,1884725,1503209,1594515,1590780,1608129,1601644,1600918,1654643,1647242
20254,11305,강북구,11305535,미아동,7847140,3514577,4332564,781951,1423714,1054246,1093162,1312276,2181792,2090523,1656537,930535,911281,1250209,1008058,1117387,1108608,1124460,1115590,1120708,1128543,1131846
20254,11305,강북구,11305534,삼양동,10749171,5067411,5681761,1677349,1273501,1344529,1723945,1763146,2966704,3048221,2196385,1156012,1156729,1745102,1446722,1507850,1490335,1500387,1500965,1496304,1599719,1653610
20254,11290,성북구,11290810,석관동,10318531,4789187,5529344,1471655,1663219,1457821,1468699,1656581,2600556,2909212,2117411,1123277,1119154,1661106,1388371,1461937,1450714,1460698,1461622,1462857,1492338,1528364
20254,11290,성북구,11290780,장위3동,3971878,1889220,2082657,631860,553251,604546,643784,619858,918577,1089448,825823,435533,436470,648410,536194,560686,558166,565096,561876,559206,575678,591169
20254,11290,성북구,11290770,장위2동,6084675,2723457,3361218,794676,827920,984208,917405,978517,1581949,1726155,1263298,643950,644848,978395,828029,860242,854180,878251,865679,863944,866286,896093
20254,11290,성북구,11290760,장위1동,6547080,3028238,3518841,1134255,758569,877571,965818,1112941,1697924,2032504,1394306,666234,630268,933244,890525,933950,918838,925068,924534,916826,945793,982072
20254,11290,성북구,11290725,월곡2동,6476470,2895177,3581291,974560,1185933,896614,896507,981654,1541202,1653992,1341405,776175,771078,1096270,837549,919842,915884,932133,923636,913112,926207,945655
20254,11290,성북구,11290715,월곡1동,7990456,3688485,4301971,1701137,1029710,1002268,1268611,1252742,1735988,1948030,1612667,1015096,1032589,1379690,1002384,1153533,1145811,1145859,1138642,1131061,1131079,1144470
20254,11290,성북구,11290705,종암동,11055108,5111806,5943301,1973587,1940758,1431140,1616438,1658470,2434714,3041551,2281112,1234813,1253359,1788673,1455601,1567851,1560644,1564327,1569504,1557758,1603575,1631447
20254,11290,성북구,11290685,길음2동,4857812,2151226,2706584,940625,570339,659594,875442,773828,1037983,1278420,956338,548273,586468,854829,633483,664889,662771,684378,674930,678465,745950,746428
20254,11290,성북구,11290660,길음1동,6201426,2752264,3449161,1812571,615286,652449,1154792,904122,1062205,1682252,1239073,646525,692241,1088131,853205,864742,863324,881668,869940,873234,919653,928862
20254,11290,성북구,11290650,정릉4동,3202152,1447934,1754218,545518,536198,378744,470944,488262,782486,989398,668611,320169,314013,468935,441026,453491,454778,457536,459263,444627,458910,473544
20254,11290,성북구,11290640,정릉3동,2842694,1393926,1448768,393040,866740,309797,305408,367403,600307,765936,590141,328087,327067,461910,369552,401511,399347,402838,406346,399522,412805,420324
20254,11290,성북구,11290630,정릉2동,5618968,2586812,3032158,1037381,765833,756873,889057,885194,1284629,1708357,1164834,551647,541298,857600,795235,784943,786311,795355,794871,786741,823066,847684
20254,11290,성북구,11290620,정릉1동,4389356,1989520,2399838,947651,491230,528264,744109,678420,999681,1230567,879568,460545,474010,739756,604911,614557,608546,611499,612947,613342,655752,672714
20254,11290,성북구,11290610,보문동,5095415,2337596,2757820,676788,916565,807034,758401,801125,1135502,1413429,1086895,564083,557725,801838,671446,724069,720509,716180,721809,722327,736720,753804
20254,11290,성북구,11290600,안암동,7935075,3838593,4096483,944920,3254816,1021016,781989,827085,1105251,1846626,1658260,1103601,1055217,1311942,959429,1187871,1198841,1204859,1202878,1129136,1013509,997985
20254,11290,성북구,11290590,돈암2동,2881941,1289317,1592623,649823,297743,353176,512681,464100,604418,861430,587233,281153,295124,460386,396615,397153,392857,403289,398534,398298,435903,455908
20254,11290,성북구,11290580,돈암1동,2268425,1004868,1263556,424587,279825,282663,320266,369520,591564,649817,480538,245198,243489,350369,299014,322836,320962,324774,322882,320848,328635,327487
20254,11290,성북구,11290575,동선동,7752129,3081402,4670726,1220732,2393624,1115147,953768,927461,1141396,1815287,1534661,975858,1008344,1438527,979452,1082876,1095399,1121062,1114970,1118933,1118987,1099902
20254,11290,성북구,11290555,삼선동,10201987,4582056,5619933,1398313,2343073,1488847,1503339,1570826,1897587,2352644,2010076,1261423,1327887,1916848,1333111,1443397,1452269,1478818,1466029,1475092,1461473,1424908
20254,11290,성북구,11290525,성북동,4206870,1892579,2314291,681776,673367,622378,637521,650972,940853,1064509,897547,523868,509932,694818,516197,596437,600053,606274,603783,602932,600572,596818
20254,11260,중랑구,11260690,신내2동,1718239,790492,927747,299870,162671,254729,276317,271960,452694,480473,358286,192496,188954,273961,224069,247174,243074,247415,245246,246131,243881,245316
20254,11260,중랑구,11260680,신내1동,4878033,2256401,2621632,954693,460969,684037,741006,750122,1287205,1355571,971486,520559,534395,824181,671841,692632,682134,684314,685884,694443,710861,727765
20254,11260,중랑구,11260660,망우3동,3877776,1821283,2056492,476497,475073,560605,574249,689217,1102133,1234741,829874,395444,364196,537752,515769,556208,544984,537261,546812,541843,561696,588972
20254,11260,중랑구,11260655,망우본동,11290836,5221314,6069521,1814464,1336773,1723702,1818853,1748535,2848511,2911758,2306006,1350636,1329962,1897862,1494614,1600685,1588112,1601166,1600868,1585970,1634435,1679601
20254,11260,중랑구,11260630,묵2동,5112908,2350179,2762729,638964,763307,788699,795130,850928,1275881,1378564,1019406,572047,585552,873488,683852,713123,710525,725478,718741,717551,758416,769071
20254,11260,중랑구,11260620,묵1동,6861147,3177835,3683312,1132649,900595,979358,1035322,1057133,1756089,1900440,1438927,749570,745125,1106840,920245,963726,957754,965582,964503,964620,1007427,1037535
20254,11260,중랑구,11260610,중화2동,7807056,3824791,3982264,906713,1013158,1224220,1163231,1276503,2223230,2094103,1569985,843631,876939,1355336,1067062,1093564,1083119,1093421,1090228,1093461,1160353,1192912
20254,11260,중랑구,11260600,중화1동,4782186,2244522,2537665,802848,581154,763733,675975,719040,1239436,1410961,1013131,521834,487050,708941,640269,692105,683667,677675,675071,675132,677960,700577
20254,11260,중랑구,11260590,상봉2동,6224381,2876630,3347751,490090,1214782,1358393,918313,941955,1300847,1632047,1204149,709368,734149,1098782,845887,857126,856695,867396,873130,886909,954732,928392
20254,11260,중랑구,11260580,상봉1동,5188135,2413331,2774803,867363,611748,867520,781486,771664,1288355,1424540,1092832,585304,574716,829647,681097,738809,730011,728373,733576,733813,751285,772266
20254,11260,중랑구,11260575,면목3?8동,6471946,3028699,3443247,724141,1018680,992665,986605,1069236,1680617,1708937,1293947,753018,756127,1089041,870877,925382,919967,923249,922980,912872,926799,940695
20254,11260,중랑구,11260570,면목7동,6074034,2890650,3183384,768979,706004,925253,946368,1009055,1718376,1727664,1230618,641133,657298,993437,823884,853752,842932,852391,848625,846003,900929,929402
20254,11260,중랑구,11260565,면목본동,9954963,4624994,5329969,1061348,1466978,1709181,1467787,1739886,2509782,2983255,2035556,1022843,1014645,1535899,1362764,1405916,1385572,1385510,1405491,1400562,1468538,1503374
20254,11260,중랑구,11260550,면목5동,2362972,1114550,1248422,338841,250830,376483,388850,399361,608605,691079,496247,247284,247693,366265,314404,331692,327322,326189,330865,328291,351807,366806
20254,11260,중랑구,11260540,면목4동,4493472,2182771,2310702,669484,515006,656697,758930,726393,1166962,1250670,931309,496693,497163,711380,606256,639848,632991,637177,632339,627409,651969,671739
20254,11260,중랑구,11260520,면목2동,5699307,2713211,2986097,762786,727752,905174,875527,984898,1443169,1663007,1166878,607847,603337,885825,772415,801048,793558,801392,805879,803765,835169,858496
20254,11230,동대문구,11230750,이문2동,3394045,1593470,1800575,510132,580504,421395,531975,510621,839418,1030460,709058,330815,331909,518896,472906,484201,476455,471901,474588,479345,497265,510291
20254,11230,동대문구,11230740,이문1동,11235621,5021881,6213738,1437708,4122159,1562554,1267600,1287387,1558214,3090715,2372168,1308285,1262954,1744257,1457240,1596024,1606876,1621510,1620169,1581673,1593358,1616011
20254,11230,동대문구,11230730,휘경2동,4420776,2135850,2284927,570800,1441850,550801,539632,508563,809130,1266537,964199,486635,463233,654983,585190,634038,633238,635752,636234,619879,620367,641268
20254,11230,동대문구,11230720,휘경1동,6298818,2756276,3542542,678781,1882424,1059950,767193,776736,1133731,1757092,1352659,673170,669439,1010722,835735,877670,877437,878858,888001,884175,936546,956131
20254,11230,동대문구,11230710,회기동,4730769,2055241,2675529,600946,2094358,515917,450152,416634,652762,1124528,991182,624028,587532,802430,601072,683153,692375,699821,696917,686834,642810,628860
20254,11230,동대문구,11230705,청량리동,6002827,2762912,3239915,562045,921294,782810,830408,958353,1947917,1417056,1236268,794221,796022,1028069,731190,837982,837580,847325,845345,850400,887073,897122
20254,11230,동대문구,11230660,장안2동,8058972,3796971,4262000,1632352,897551,1216730,1470622,1190115,1651603,2161729,1620779,913776,927281,1374173,1061234,1135652,1125952,1137893,1140138,1140575,1182154,1196610
20254,11230,동대문구,11230650,장안1동,8685517,4136144,4549372,1120836,1156293,1552177,1656760,1293782,1905668,2281745,1799349,1036346,1018217,1421863,1127995,1238648,1233592,1259486,1248731,1250375,1228657,1226029
20254,11230,동대문구,11230610,답십리2동,5711539,2669548,3041991,813882,618866,974617,979057,880081,1445036,1548580,1143041,631978,659622,968356,759963,800912,789805,797607,799096,801380,855416,867324
20254,11230,동대문구,11230600,답십리1동,6767873,3107281,3660592,1114409,891828,1182556,1200010,970441,1408629,1859275,1430692,762907,752466,1077874,884658,958530,951041,963565,962395,966638,979609,986092
20254,11230,동대문구,11230570,전농2동,2307719,1039855,1267864,450084,272343,296301,361005,353904,574082,580635,477910,281337,283332,393715,290791,326022,324587,328950,327125,325081,332635,343318
20254,11230,동대문구,11230560,전농1동,11037456,5254659,5782797,1753654,2185113,1562803,1692983,1527676,2315226,2872173,2299915,1311367,1297578,1819438,1436984,1567755,1572277,1575504,1573326,1567700,1578109,1602785
20254,11230,동대문구,11230545,제기동,11953847,5683831,6270015,1193975,3010517,1485361,1477158,1707021,3079812,2833691,2557740,1665893,1627436,1890744,1378340,1717447,1721705,1736809,1734612,1720294,1686009,1636967
20254,11230,동대문구,11230536,용신동,13908963,6708067,7200896,1363728,2591464,2410908,2205022,2160128,3177712,3370147,2974724,1840610,1803534,2262153,1657795,1992863,1995615,2040154,2006132,2012171,1935949,1926081
20254,11215,광진구,11215870,구의3동,6128436,2780647,3347788,1244280,786432,933119,1051897,960099,1152607,1598905,1221749,694176,734939,1079106,799560,861801,857280,863685,863676,878537,909436,894018
20254,11215,광진구,11215860,구의2동,4877442,2160595,2716847,886951,608805,708060,803639,750232,1119756,1412261,1010444,516510,512588,760647,664992,685744,681502,686010,690873,685465,713942,733904
20254,11215,광진구,11215850,구의1동,6680759,3103062,3577695,851164,1287815,1319834,1060485,934745,1226716,1919308,1379429,720564,705810,1050019,905631,945427,947019,945722,953905,952289,968146,968249
20254,11215,광진구,11215847,자양4동,8810461,4173663,4636799,886205,1909048,1606100,1331419,1294020,1783670,2221120,1772311,1008059,1047764,1600975,1160231,1224765,1224624,1248946,1252074,1263763,1311301,1284989
20254,11215,광진구,11215840,자양3동,6560805,2975192,3585613,1231349,931100,964960,1113851,937288,1382254,1813814,1341720,723746,714315,1081418,885793,927419,919783,923358,930292,932875,962207,964870
20254,11215,광진구,11215830,자양2동,5100964,2408356,2692608,908686,615123,877056,853590,745196,1101313,1512345,1072372,532080,527148,770888,686130,720123,715808,718666,727983,721388,742420,754576
20254,11215,광진구,11215820,자양1동,7523250,3491975,4031275,982455,1437671,1325264,1179887,1047335,1550636,2016240,1546806,865271,861238,1235030,998665,1068498,1063754,1060536,1070370,1072147,1091949,1095997
20254,11215,광진구,11215810,광장동,6141905,2799701,3342203,1864277,598425,633379,1148760,895960,1001105,1671752,1304286,708597,678658,967156,811454,876396,876037,892430,886000,888384,863634,859022
20254,11215,광진구,11215780,능동,2012058,913607,1098452,273251,399677,409466,317108,247558,364998,524445,417590,230024,233728,336228,270042,279924,283271,289236,290786,289178,291962,287702
20254,11215,광진구,11215770,중곡4동,6389649,2889523,3500127,878703,797896,968901,940452,1044563,1759134,1896773,1325330,662983,647697,989472,867395,903641,893692,894206,898546,892679,929668,977216
20254,11215,광진구,11215760,중곡3동,4252517,1981706,2270811,523148,576562,769391,646055,669376,1067984,1228968,871153,443891,445984,684989,577533,594404,589862,605248,596093,595923,618741,652248
20254,11215,광진구,11215750,중곡2동,4707238,2177365,2529874,694496,704502,847979,718681,724083,1017495,1457621,966848,480679,466676,689473,645940,668867,661699,662601,667653,666985,681948,697484
20254,11215,광진구,11215740,중곡1동,3450358,1638362,1811996,363749,648938,710958,541394,495060,690258,941620,698639,379020,383158,582618,465302,481907,478135,487451,488477,490464,510219,513707
20254,11215,광진구,11215730,군자동,6843014,3273188,3569825,808085,2176262,1161387,935862,748948,1012469,1800454,1435876,833403,811521,1093427,868332,990312,991606,1001014,1004368,980643,936619,938451
20254,11215,광진구,11215710,화양동,8980586,4123285,4857302,728358,4049940,1571886,940233,771194,918976,2373261,1752934,998732,1014461,1589446,1251751,1234240,1241708,1267847,1285106,1298806,1350513,1302367
20254,11200,성동구,11200790,용답동,2756340,1358411,1397929,223717,553034,507619,413839,458858,599271,782783,583347,307297,298433,426670,357811,387410,387471,394625,390078,390055,397518,409183
20254,11200,성동구,11200720,송정동,3275272,1663866,1611406,304911,726607,633879,518750,450310,640815,946239,725842,365360,352640,468682,416509,470220,471274,470033,471225,466800,459014,466707
20254,11200,성동구,11200690,성수2가3동,6050654,2873511,3177143,643667,1417947,1370728,1042759,798992,776562,1006672,1221089,1041189,1109681,1118317,553706,898545,915534,928605,932369,922849,752042,700708
20254,11200,성동구,11200670,성수2가1동,4875184,2410361,2464822,475937,800160,980934,771924,817041,1029188,1111761,988402,655889,692435,852958,573737,694967,695877,703792,706145,706804,690372,677226
20254,11200,성동구,11200660,성수1가2동,5517614,2649747,2867868,517028,1135732,1371872,1009704,702781,780497,869389,1100411,954091,995126,1077004,521594,813521,832189,842546,835831,838621,701234,653673
20254,11200,성동구,11200650,성수1가1동,2972249,1453520,1518728,293787,499796,698340,490042,444249,546034,639913,613725,429228,446075,511674,331633,430001,436550,443603,441239,438683,397729,384446
20254,11200,성동구,11200645,옥수동,2805400,1294949,1510451,551548,245070,484775,511231,401040,611734,676718,587189,333405,351775,503755,352556,393926,397226,401792,397419,401428,411043,402567
20254,11200,성동구,11200620,금호4가동,2565751,1197189,1368562,399465,243551,460684,454652,404785,602613,651034,528845,288698,304715,450398,342059,360377,358955,362067,362091,362512,379270,380479
20254,11200,성동구,11200615,금호2?3가동,5454810,2514863,2939947,861123,534491,929636,970882,853372,1305307,1538805,1103531,568427,579248,912317,752483,764493,756677,763100,763483,764660,816266,826132
20254,11200,성동구,11200590,금호1가동,3089717,1357138,1732579,548943,255323,537607,629485,448481,669879,825103,635980,327867,352239,536041,412488,428195,424417,427372,430395,431001,469589,478747
20254,11200,성동구,11200580,응봉동,2747744,1214733,1533011,548019,251261,424430,504259,444503,575272,874463,585297,261720,248507,388342,389412,389219,388075,387374,389940,385443,398082,409612
20254,11200,성동구,11200570,행당2동,4292517,1901314,2391204,785264,507271,686208,799194,633344,881238,1228123,896384,446685,440256,681023,600048,608973,605896,602312,606442,607133,622849,638913
20254,11200,성동구,11200560,행당1동,6771746,3121039,3650707,1016152,1424255,1116047,1100177,957714,1157402,1476199,1357825,884898,916954,1289289,846579,950549,960499,985369,983965,986670,969635,935059
20254,11200,성동구,11200550,사근동,4595770,2154959,2440809,649305,2024018,563711,399199,403311,556226,1288746,982015,541331,492858,687728,603093,660388,668529,670759,672702,671844,635955,615591
20254,11200,성동구,11200540,마장동,4952140,2410336,2541806,604828,811195,823239,773610,804457,1134813,1260995,1103144,610836,586161,788529,602478,701044,704518,715709,712879,711291,703978,702723
20254,11200,성동구,11200535,왕십리도선동,5511049,2547805,2963244,767961,943052,1008738,907400,812791,1071109,1345137,1136989,691848,697311,960174,679589,778532,780245,787140,787771,798082,795507,783774
20254,11200,성동구,11200520,왕십리2동,4634683,2040582,2594101,622058,698013,892741,756393,674659,990821,1372017,944396,464749,467433,738694,647396,643980,641338,651874,648729,648392,691919,708452
20254,11170,용산구,11170700,보광동,2142286,1079248,1063038,257489,246238,344151,428477,364441,501489,609880,461297,237936,232104,322178,278892,308283,305816,301853,303795,304013,309097,309430
20254,11170,용산구,11170690,서빙고동,1728945,850037,878906,309081,203779,243575,345333,293420,333757,488945,383140,201519,196830,247760,210753,241984,243838,241547,246619,244460,252613,257885
20254,11170,용산구,11170685,한남동,4379717,2062352,2317366,370438,719246,1005524,936151,653860,694497,846253,884763,642070,672098,832146,502388,599954,613321,641852,641060,656445,640499,586586
20254,11170,용산구,11170660,이태원2동,3024770,1446842,1577929,328230,464358,667011,656852,408208,500112,817237,623215,352773,350486,488721,392340,418731,419423,424702,429806,434292,453171,444647
20254,11170,용산구,11170650,이태원1동,2476459,1338491,1137969,153098,628349,607346,444966,294237,348463,613404,417037,308188,324048,460527,353254,311042,299479,320705,332744,370503,441500,400486
20254,11170,용산구,11170640,이촌2동,1458631,709389,749243,165360,190663,258370,257874,234841,351524,374521,303290,164864,178999,248556,188402,204197,203319,206374,205710,206144,216834,216053
20254,11170,용산구,11170630,이촌1동,4374672,2012016,2362656,944997,367670,548370,828616,707689,977331,1069995,934902,531437,535471,743876,558990,612408,619195,628153,624703,627701,630628,631885
20254,11170,용산구,11170625,한강로동,5774895,2913149,2861746,491449,1172313,1393499,1111697,801313,804625,1100186,1141497,885015,901069,1111787,635339,810082,835523,847292,846453,859904,814754,760889
20254,11170,용산구,11170590,용문동,2377218,1101103,1276115,283648,318286,451632,381742,380326,561584,650810,469940,267235,275406,397223,316607,330992,330842,333949,337147,337957,355513,350819
20254,11170,용산구,11170580,효창동,3740869,1645769,2095099,567084,556816,708739,636351,534846,737034,933834,813193,461468,452593,600709,479071,537812,531416,539580,539900,532420,524950,534791
20254,11170,용산구,11170570,원효로2동,3522802,1646581,1876221,468058,445376,663633,604823,553954,786959,1011959,772945,394692,379443,511385,452379,505071,501676,500732,502722,500692,499454,512456
20254,11170,용산구,11170560,원효로1동,4702896,2243992,2458904,540033,738906,1158235,899148,665855,700718,1113352,1017419,621577,610095,777933,562520,672749,675547,688230,679466,687570,652414,646921
20254,11170,용산구,11170555,청파동,7206085,3204224,4001863,780673,1667533,1381715,1102178,1003715,1270269,1829609,1517341,916653,879890,1164078,898513,1031820,1034138,1037698,1041314,1032523,996261,1032332
20254,11170,용산구,11170530,남영동,1871643,953885,917759,144380,328285,390181,322372,301088,385337,329059,408427,296715,300054,342451,194939,273673,279248,281801,279146,281944,242633,233197
20254,11170,용산구,11170520,용산2가동,4761506,2244219,2517288,727931,758301,950896,769261,569508,985612,1244573,998157,561279,559277,787875,610346,666785,657306,666520,673257,673827,704590,719219
20254,11170,용산구,11170510,후암동,3909430,1867826,2041604,591414,493752,731368,664528,551882,876486,1162021,836488,431195,412128,559946,507650,555410,552701,554501,559496,554028,559234,574061
20254,11140,중구,11140680,중림동,1945691,909648,1036046,164718,239668,389488,391288,328427,432106,417686,420398,286416,281227,324230,215735,289506,289783,291387,288870,289946,250588,245614
20254,11140,중구,11140670,황학동,5321500,2457658,2863842,580799,821524,1105355,874707,731173,1207942,1396947,1098450,640692,646157,874627,664629,737102,737672,747785,754634,764498,798137,781672
20254,11140,중구,11140665,동화동,3558358,1657099,1901259,398450,439366,563010,529556,630674,997301,848051,712302,454812,471743,636031,435417,503259,504001,518315,511909,513155,507562,500159
20254,11140,중구,11140650,신당5동,3133863,1426388,1707476,323008,479881,558141,477704,503879,791250,704698,612558,394352,410461,610881,400914,431785,432012,445726,440558,448852,473720,461212
20254,11140,중구,11140645,청구동,2760517,1245738,1514779,430864,316159,506474,417561,423375,666084,779161,583205,322586,301725,416005,357835,397649,396321,395576,398232,395869,383679,393189
20254,11140,중구,11140635,약수동,1923163,880291,1042871,229057,224132,332027,303862,305208,528879,458914,388081,235387,240339,347865,252575,269927,268808,272405,270276,273696,281713,286339
20254,11140,중구,11140625,다산동,4052419,1904586,2147833,473966,627332,737715,705993,626942,880470,955211,863724,539962,531056,682297,480169,590773,596885,602009,595078,596876,541790,529007
20254,11140,중구,11140615,신당동,5268914,2544664,2724251,314822,889366,1055012,935802,876074,1197839,1249649,1065508,697328,682956,898159,675314,775188,792768,809166,798399,776619,660252,656519
20254,11140,중구,11140605,을지로동,4848076,2701422,2146654,184041,780623,995369,999419,900661,987963,441559,1049309,1002800,999910,972113,382386,753265,790850,819126,791468,813575,509656,370137
20254,11140,중구,11140590,광희동,6670949,3313559,3357389,439291,1478190,1372439,1222362,1011977,1146690,945161,1380029,1159628,1185227,1321865,679038,991993,1027999,1064715,1041940,1033237,804194,706872
20254,11140,중구,11140580,장충동,2090605,1029334,1061271,150453,628775,363018,324952,287575,335834,417610,462840,338142,320321,344056,207636,309303,313565,316363,314951,308328,263765,264328
20254,11140,중구,11140570,필동,2729614,1427724,1301888,207648,601044,503019,480285,456519,481099,376996,570887,509305,500503,524376,247547,415266,435877,447412,434937,431908,301681,262532
20254,11140,중구,11140550,명동,5774872,2792282,2982589,420391,1166567,1292787,1310075,882276,702773,391275,1222984,1293930,1312402,1195796,358486,885205,922397,954196,934898,915992,621639,540543
20254,11140,중구,11140540,회현동,4347793,2032727,2315066,170541,538485,920960,988928,795045,933833,317588,923004,1096186,1064944,724437,221634,674033,704418,727287,703920,697438,485945,354754
20254,11140,중구,11140520,소공동,2542035,1267583,1274452,179445,409995,623546,603589,420103,305356,173010,569564,595289,589648,478244,136280,407706,428657,435175,419631,416380,238734,195752
20254,11110,종로구,11110710,숭인2동,5183066,2528230,2654836,386000,1029602,875614,730199,864980,1296672,1253118,1111528,713892,699827,792894,611807,721504,719869,738635,737125,732026,755206,778701
20254,11110,종로구,11110700,숭인1동,2309254,1112113,1197139,239875,331557,351209,339586,396929,650097,571436,478139,281544,286859,402526,288751,325832,323882,331482,328495,325394,335341,338826
20254,11110,종로구,11110690,창신3동,815624,383038,432586,99354,112092,112969,124934,141699,224576,239976,174126,84476,82014,124071,110961,116353,113812,113433,116048,113780,118205,123992
20254,11110,종로구,11110680,창신2동,4552384,2220702,2331683,302780,748799,527667,547734,917398,1508004,1292685,946872,497770,498194,724787,592077,643301,642673,644449,643581,641196,663477,673705
20254,11110,종로구,11110670,창신1동,2847894,1402032,1445862,163203,443723,416546,469937,535956,818529,694559,582891,391767,390816,451610,336252,414274,414445,423058,419551,409404,381408,385754
20254,11110,종로구,11110650,혜화동,9250213,4021213,5229000,1379950,3481400,1095444,1040362,1027116,1225942,2185872,1834807,1193391,1205427,1691056,1139661,1268248,1297286,1328092,1338476,1326113,1359597,1332401
20254,11110,종로구,11110640,이화동,4456453,1985333,2471119,484126,1048618,833691,743324,654659,692031,730720,856082,732132,803692,881412,452414,618330,659621,693769,677240,667290,595768,544434
20254,11110,종로구,11110630,종로5?6가동,5436250,2714317,2721932,333369,896711,875071,907576,989135,1434389,939413,1172762,968680,945198,914925,495269,806450,830339,849971,832630,829184,687277,600401
20254,11110,종로구,11110615,종로1?2?3?4가동,13824388,7362487,6461901,698370,2598027,2863039,2742220,2291502,2631230,1409830,2630240,2826511,2916793,2913716,1127297,2041163,2134820,2237177,2177888,2177893,1739131,1316316
20254,11110,종로구,11110600,가회동,1171993,545064,626930,177943,169078,204826,227783,187729,204636,175324,256730,227385,232694,187106,92754,170109,175275,180117,177494,174669,152944,141386
20254,11110,종로구,11110580,교남동,3950238,1791216,2159022,813323,460475,506074,678221,639381,852764,1118966,864690,454013,427771,578826,505973,568754,564647,566641,571632,567075,552521,558967
20254,11110,종로구,11110570,무악동,2015725,890343,1125382,374529,239674,242671,314879,318229,525743,439092,437784,261052,267567,358015,252216,278388,289305,291905,291267,290586,291033,283240
20254,11110,종로구,11110560,평창동,911272,387031,524241,171858,87974,95786,139181,158305,258165,262165,193087,97850,98005,138937,121229,129417,128028,128708,128312,127713,133556,135537
20254,11110,종로구,11110550,부암동,844176,362813,481365,160444,110168,96819,132541,137800,206406,214615,182453,108637,104207,128004,106262,121170,121584,122887,122730,121021,118147,116637
20254,11110,종로구,11110540,삼청동,974927,447501,527426,111809,152954,169365,185237,157744,197820,153418,195183,193601,194670,158833,79221,133512,138551,144729,143227,142348,142387,130173
20254,11110,종로구,11110530,사직동,3910218,1769732,2140486,352115,615607,783058,807614,657669,694155,457655,801435,762708,771296,794376,322746,562278,581507,614446,598449,603215,492597,457725
20254,11110,종로구,11110515,청운효자동,3348036,1404710,1943326,612759,460079,531517,585928,511788,645961,745942,675001,492973,494985,561519,377616,468362,474176,486222,481946,483860,484687,468780
