호선,역명,위도,경도
3+8,가락시장역,37.492686,127.11819
7,가산디지털단지역,37.480376,126.882704
9,가양역,37.561391,126.854456
2,강남역,37.497958,127.027539
7,강남구청역,37.517185,127.04122
5,강동역,37.53581,127.13249
8,강동구청역,37.530348,127.120461
2,강변역,37.535161,127.094684
5,강일역,37.557521,127.176018
5,개롱역,37.498097,127.134817
9,개화역,37.578608,126.798153
5,개화산역,37.572458,126.806838
5,거여역,37.493208,127.143983
2+7,건대입구역,37.540645,127.070167
3,경복궁역,37.575844,126.973576
3,경찰병원역,37.495754,127.124198
5,고덕역,37.555002,127.154214
6,고려대역,37.59034,127.03626
3+7+9,고속터미널역,37.50438333333333,127.00497133333333
5+6,공덕역,37.543798499999994,126.95136099999999
7,공릉역,37.625642,127.072969
9,공항시장역,37.563726,126.810678
5,광나루역,37.545301,127.103478
7,광명사거리역,37.47927,126.854854
5,광화문역,37.570545,126.976568
6,광흥창역,37.547464,126.931971
2+3,교대역,37.493508500000004,127.0142135
2,구로디지털단지역,37.485005,126.902626
9,구반포역,37.501364,126.987332
6,구산역,37.611223,126.917246
2,구의역,37.536857,127.085024
3,구파발역,37.636612,126.918827
9,국회의사당역,37.528105,126.917874
5+7,군자역,37.557126499999995,127.0795215
5,굽은다리역,37.545442,127.142844
3,금호역,37.548269,127.015785
5,길동역,37.538022,127.140085
4,길음역,37.604087,127.025353
5+9,김포공항역,37.562302,126.8011655
2+5,까치산역,37.53181,126.846706
2,낙성대역,37.47693,126.963783
7,남구로역,37.486181,126.887372
3,남부터미널역,37.48494,127.016289
7,남성역,37.484688,126.971108
8,남위례역,37.462839,127.139047
4,남태령역,37.464339,126.989081
8,남한산성입구역,37.451568,127.159845
7,내방역,37.48764,126.993541
9,노들역,37.512887,126.953222
9,노량진역,37.514219,126.942454
4+7,노원역,37.655376000000004,127.061869
3,녹번역,37.600882,126.935758
6,녹사평역,37.53469,126.98665
7,논현역,37.511108,127.021385
8,단대오거리역,37.445057,127.156735
5,답십리역,37.566833,127.05266
4,당고개역,37.66956,127.078404
2+9,당산역,37.534128499999994,126.902146
2+7,대림역,37.492705,126.89614499999999
3,대청역,37.493607,127.079526
3,대치역,37.494601,127.063449
6,대흥역,37.547732,126.942214
3,도곡역,37.491129,127.055694
2,도림천역,37.514759,126.882586
7,도봉산역,37.689131,127.046548
3,독립문역,37.574534,126.957902
6,독바위역,37.618413,126.933035
6,돌곶이역,37.610522,127.056419
1+4,동대문역,37.57131485,127.010393
2+4+5,동대문역사문화공원역,37.565120666666665,127.00736266666667
3,동대입구역,37.55816,127.005273
1+6,동묘앞역,37.57277,127.0160625
4,동작역,37.503567,126.980171
9,동작(현충원)역,37.502971,126.979306
5,둔촌동역,37.527787,127.136219
9,둔촌오륜역,37.519339,127.138619
9,등촌역,37.550632,126.865689
6,디지털미디어시티역,37.577005,126.898643
2,뚝섬역,37.54718,127.047413
7,뚝섬유원지역,37.531558,127.066714
5,마곡역,37.562182,126.82693
9,마곡나루역,37.567336,126.829497
7,마들역,37.664985,127.057701
5,마장역,37.566066,127.042921
5,마천역,37.494972,127.152784
5,마포역,37.539718,126.946043
6,마포구청역,37.563535,126.903326
6,망원역,37.556031,126.910129
3,매봉역,37.487114,127.046907
7,먹골역,37.610638,127.077719
7,면목역,37.588671,127.087503
4,명동역,37.561055,126.988271
5,명일역,37.551317,127.144002
8,모란역,37.433888,127.129921
5,목동역,37.526088,126.864296
8,몽촌토성역,37.517692,127.11274
3,무악재역,37.582658,126.950131
2,문래역,37.517993,126.894766
8,문정역,37.485931,127.122473
5,미사역,37.56329,127.192954
4,미아역,37.626435,127.026151
4,미아사거리역,37.613276,127.030083
7,반포역,37.508171,127.011717
5,발산역,37.562182,126.82693
2,방배역,37.481469,126.997627
5,방이역,37.508752,127.126054
5,방화역,37.577669,126.812822
6,버티고개역,37.547933,127.006948
7,보라매역,37.499916,126.920112
6,보문역,37.585293,127.019377
8,복정역,37.471016,127.126746
9,봉은사역,37.514219,127.060245
2,봉천역,37.482416,126.941896
6,봉화산역,37.617293,127.091375
3+6,불광역,37.6107365,126.9296735
7,사가정역,37.580912,127.088502
2+4,사당역,37.476549500000004,126.98168849999999
9,사평역,37.504206,127.015259
8,산성역,37.456886,127.149927
4+6,삼각지역,37.53531,126.973675
2,삼성역,37.508827,127.063203
9,삼성중앙역,37.513011,127.053282
9,삼전역,37.504531,127.087211
4,상계역,37.660576,127.073199
7,상도역,37.50279,126.947949
7,상봉역,37.595673,127.085708
6,상수역,37.547704,126.92292
2,상왕십리역,37.564504,127.028872
6,상월곡역,37.606392,127.048509
5,상일동역,37.556714,127.166381
6,새절역,37.591148,126.913613
9,샛강역,37.517274,126.928422
5,서대문역,37.565812,126.966639
1+4,서울역,37.553161,126.9726845
2,서울대입구역,37.481233,126.952745
2,서초역,37.49191,127.007945
6,석계역,37.614937,127.065922
8+9,석촌역,37.505337,127.10696949999999
9,석촌고분역,37.502439,127.096611
2,선릉역,37.504257,127.048174
9,선유도역,37.53802,126.893525
9,선정릉역,37.51098,127.043593
2,성수역,37.544628,127.055983
4,성신여대입구역,37.592782,127.017338
5,송정역,37.561411,126.812052
8,송파역,37.49978,127.11212
9,송파나루역,37.51055,127.112451
7,수락산역,37.677804,127.055314
3,수서역,37.487507,127.101324
4,수유역,37.637127,127.024731
8,수진역,37.437575,127.140936
4,숙대입구역,37.545124,126.971952
7,숭실대입구역,37.496258,126.953649
1+2,시청역,37.563562,126.975339
5,신금호역,37.554504,127.020403
5,신길역,37.51763,126.914886
6,신내역,37.612571,127.104326
9,신논현역,37.504598,127.02506
2,신답역,37.56147,127.056348
2+6,신당역,37.5659275,127.01782299999999
2,신대방역,37.487534,126.913279
7,신대방삼거리역,37.499717,126.928218
2,신도림역,37.508815,126.891222
2,신림역,37.484216,126.929573
9,신목동역,37.544277,126.88308
9,신반포역,37.503415,126.995925
9,신방화역,37.567532,126.816601
3,신사역,37.516438,127.020247
1+2,신설동역,37.575385,127.024934
4,신용산역,37.52919,126.96858
5,신정역,37.525001,126.856176
2,신정네거리역,37.520218,126.852849
2,신촌역,37.555153,126.93689
7,신풍역,37.500107,126.909806
8,신흥역,37.440952,127.14759
4,쌍문역,37.648274,127.034381
5,아차산역,37.552005,127.089609
2,아현역,37.557407,126.956079
3,안국역,37.576562,126.98547
6,안암역,37.586261,127.02903
8,암사역,37.550127,127.127521
3,압구정역,37.526169,127.028502
5,애오개역,37.553592,126.956733
3+6,약수역,37.5543805,127.01043250000001
3,양재역,37.48466,127.03513
2,양천구청역,37.512194,126.865193
9,양천향교역,37.568381,126.841333
5,양평역,37.525614,126.886177
7,어린이대공원역,37.547962,127.07465
9,언주역,37.507287,127.033868
5,여의나루역,37.527145,126.932807
5+9,여의도역,37.521601000000004,126.92425449999999
2,역삼역,37.500658,127.03643
6,역촌역,37.60605,126.922764
3+6,연신내역,37.6187255,126.920689
9,염창역,37.546936,126.874916
2+5,영등포구청역,37.524987499999995,126.8958245
5,영등포시장역,37.52276,126.905143
3+5,오금역,37.502258,127.1280225
5,오목교역,37.524557,126.875049
3,옥수역,37.541653,127.017303
7,온수역,37.492059,126.823294
5,올림픽공원역,37.516217,127.130957
9,올림픽공원(한국체대)역,37.516111,127.130333
2+5,왕십리역,37.5615645,127.0363845
2,용답역,37.566412,126.977863
2,용두역,37.574012,127.03811
7,용마산역,37.573752,127.086802
5,우장산역,37.548864,126.83633
6,월곡역,37.60192,127.041492
6,월드컵경기장역,37.569439,126.899077
2+3,을지로3가역,37.566295499999995,126.9921945
2+5,을지로4가역,37.566595500000005,126.99812449999999
2,을지로입구역,37.565998,126.982569
6,응암역,37.59859,126.915583
2,이대역,37.556734,126.945897
4,이촌역,37.522525,126.97335
6,이태원역,37.534485,126.994369
3,일원역,37.48389,127.08416
2+8,잠실역,37.513977,127.10219799999999
2,잠실나루역,37.520688,127.103836
2,잠실새내역,37.520731,127.103738
3,잠원역,37.512989,127.011613
7,장승배기역,37.504845,126.939025
7,장암역,37.70015,127.053126
8,장지역,37.478609,127.126229
5,장한평역,37.561438,127.064601
1,제기동역,37.578116,127.034902
1,종각역,37.570203,126.983116
1+3+5,종로3가역,37.571504,126.99125966666668
1,종로5가역,37.570971,127.0019
2+9,종합운동장역,37.511082,127.075279
7,중계역,37.645052,127.064084
7,중곡역,37.565877,127.084291
9,중앙보훈병원역,37.528807,127.148488
7,중화역,37.602604,127.079254
9,증미역,37.557402,126.861939
6,증산역,37.583989,126.909785
3,지축역,37.648281,126.912551
4,창동역,37.652993,127.046746
6,창신역,37.579772,127.015246
7,천왕역,37.486699,126.838684
5+8,천호역,37.538243,127.123359
7,철산역,37.47616,126.868217
5+6,청구역,37.560229,127.01378299999999
7,청담역,37.519097,127.051851
1,청량리역,37.580148,127.045063
4+7,총신대입구역,37.4863895,126.98203749999999
3+4,충무로역,37.561302,126.995473
2+5,충정로역,37.559901499999995,126.963619
6+7,태릉입구역,37.617319,127.074741
7,하계역,37.636363,127.067999
5,하남검단산역,37.539729,127.223427
5,하남시청역,37.541723,127.206901
5,하남풍산역,37.552201,127.203897
7,학동역,37.514262,127.031738
3,학여울역,37.496757,127.070541
6,한강진역,37.53956,127.001729
4,한성대입구역,37.58838,127.006751
9,한성백제역,37.516369,127.116211
2,한양대역,37.55658,127.043504
2+6,합정역,37.549529,126.9140515
5,행당역,37.557297,127.029482
4,혜화역,37.582116,127.001759
2,홍대입구역,37.556748,126.923643
3,홍제역,37.588851,126.944092
5,화곡역,37.541585,126.840436
6,화랑대역,37.619875,127.084106
4,회현역,37.559698,126.979565
6,효창공원앞역,37.539279,126.961348
9,흑석(중앙대입구)역,37.50877,126.963708
