기준_년도,자치구_코드,자치구_코드_명,행정동_코드,행정동_코드_명,총_유동인구_수,남성_유동인구_수,여성_유동인구_수,연령대_10_유동인구_수,연령대_20_유동인구_수,연령대_30_유동인구_수,연령대_40_유동인구_수,연령대_50_유동인구_수,연령대_60_이상_유동인구_수,시간대_00_06_유동인구_수,시간대_06_11_유동인구_수,시간대_11_14_유동인구_수,시간대_14_17_유동인구_수,시간대_17_21_유동인구_수,시간대_21_24_유동인구_수,월요일_유동인구_수,화요일_유동인구_수,수요일_유동인구_수,목요일_유동인구_수,금요일_유동인구_수,토요일_유동인구_수,일요일_유동인구_수
2025,11110,종로구,11110515,청운효자동,13494113,5649432,7844678,2534432,1795471,2106682,2371196,2062631,2623698,3013330,2735172,1965934,1955964,2271437,1552272,1903277,1910005,1959839,1954606,1943404,1937401,1885579
2025,11110,종로구,11110530,사직동,15893479,7203047,8690433,1419174,2462766,3204594,3291274,2679846,2835827,1846231,3304627,3113656,3144603,3179285,1305077,2302772,2356031,2457215,2453041,2432452,2068951,1823018
2025,11110,종로구,11110540,삼청동,3880648,1802750,2077899,439171,610058,674487,733807,634194,788936,620994,785731,757342,752751,644115,319716,542915,552366,567391,575248,572147,559491,511094
2025,11110,종로구,11110550,부암동,3493110,1528235,1964873,676266,440299,397690,542802,577518,858535,900602,750753,438358,424355,534457,444587,501803,505222,511433,504210,498545,485191,486706
2025,11110,종로구,11110560,평창동,3649299,1556119,2093180,688786,349705,378639,551665,640009,1040494,1058494,769393,387939,383516,557375,492584,516752,516004,514358,514703,511203,533682,542590
2025,11110,종로구,11110570,무악동,7494656,3303039,4191617,1392812,880858,907024,1162012,1183383,1968567,1760273,1602808,921128,944576,1297471,968401,1044329,1066411,1077329,1065447,1071641,1094715,1074785
2025,11110,종로구,11110580,교남동,16333746,7445411,8888334,3306801,1940510,2156911,2817374,2601314,3510831,4642413,3556971,1841597,1757999,2424203,2110564,2343267,2348175,2347690,2346929,2331438,2288396,2327847
2025,11110,종로구,11110600,가회동,4813701,2301694,2512008,700278,703705,862067,927872,770585,849196,735584,1054203,918366,938259,780746,386540,702638,723412,729602,738166,724780,622910,572194
2025,11110,종로구,11110615,종로1?2?3?4가동,55417341,29581798,25835544,2670881,10732335,11455850,10874075,9107716,10576483,5644257,10715206,11381322,11691812,11518120,4466621,8327658,8560739,8797908,8853184,8745685,6906958,5225205
2025,11110,종로구,11110630,종로5?6가동,20814322,10453415,10360907,1345604,3336714,3320755,3458769,3836161,5516321,3466816,4488425,3783147,3675671,3509814,1890445,3110777,3187376,3228306,3229914,3191238,2607166,2259548
2025,11110,종로구,11110640,이화동,18567393,8275958,10291435,1951255,4377600,3547411,3065595,2720080,2905447,3025637,3614825,3041113,3347020,3682851,1855945,2597074,2735723,2857257,2821840,2784222,2477412,2293862
2025,11110,종로구,11110650,혜화동,35461072,15543461,19917611,5452005,12792361,4288077,4080119,3979017,4869495,8433195,7071015,4536968,4580397,6444723,4394771,4898915,5007849,5094673,5091751,5086888,5193411,5087589
2025,11110,종로구,11110670,창신1동,11313886,5553819,5760066,620214,1718425,1676401,1903986,2129346,3265516,2689412,2341701,1586280,1563077,1815107,1318311,1664316,1662527,1665451,1664917,1632063,1506140,1518471
2025,11110,종로구,11110680,창신2동,18672212,9068305,9603907,1248646,2914051,2230710,2259513,3889905,6129385,5279778,3888772,2050635,2047382,2975860,2429784,2645241,2654143,2647465,2638911,2636573,2701895,2747980
2025,11110,종로구,11110690,창신3동,3537658,1653236,1884421,458565,463850,501982,547970,605807,959486,1048433,754899,363839,355296,533688,481507,499006,498499,501332,502725,491361,512362,532373
2025,11110,종로구,11110700,숭인1동,9082858,4373229,4709629,918317,1323945,1396211,1371871,1560305,2512210,2235987,1865018,1108642,1134472,1598044,1140699,1285891,1281158,1289182,1281359,1276784,1324229,1344251
2025,11110,종로구,11110710,숭인2동,21137047,10400042,10737003,1573957,4123344,3488824,3035548,3581593,5333779,5072804,4503347,2891970,2848765,3306587,2513574,2960356,2960999,2980651,2989900,2999812,3066454,3178870
2025,11140,중구,11140520,소공동,10284029,5134424,5149606,678016,1679650,2591938,2445307,1679616,1209501,688503,2360499,2434491,2386736,1881794,532003,1653747,1718397,1747570,1750204,1688747,952677,772687
2025,11140,중구,11140540,회현동,17500892,8229725,9271166,643096,2181032,3823279,3997045,3194884,3661553,1257870,3845630,4453517,4265771,2812812,865289,2772517,2874455,2899768,2907706,2837788,1860630,1348030
2025,11140,중구,11140550,명동,22698438,11044962,11653476,1491398,4584947,5264996,5183523,3440691,2732878,1548711,4976506,5148619,5149155,4510628,1364821,3551222,3640026,3726508,3721931,3633395,2382029,2043327
2025,11140,중구,11140570,필동,10343331,5393174,4950154,749840,2303220,1947495,1844739,1713883,1784157,1383649,2198070,1947013,1902321,1990091,922184,1584158,1646106,1690447,1687300,1646218,1116376,972724
2025,11140,중구,11140580,장충동,8259012,4073683,4185329,628517,2433407,1480818,1273358,1132362,1310556,1673181,1820020,1326154,1269036,1346838,823783,1216141,1238477,1254379,1256555,1213461,1049721,1030277
2025,11140,중구,11140590,광희동,26186688,13051156,13135532,1669933,5690729,5544052,4791589,3992944,4497439,3854861,5380294,4542048,4602873,5126548,2680062,3948731,4033417,4122810,4149506,4055453,3102777,2773994
2025,11140,중구,11140605,을지로동,19256320,10793136,8463184,706255,3106993,3913298,3937454,3620546,3971774,1728768,4198619,4016322,3983121,3831663,1497826,3029920,3124341,3209555,3215894,3238068,1976504,1462041
2025,11140,중구,11140615,신당동,21181046,10182344,10998703,1196350,3580052,4292612,3729429,3611335,4771268,4993747,4290987,2813415,2748709,3625815,2708376,3141436,3195229,3211567,3216658,3117768,2656697,2641687
2025,11140,중구,11140625,다산동,16556088,7757524,8798562,1885026,2569434,3051486,2865064,2535920,3649152,3867250,3534990,2201104,2171157,2805671,1975914,2416509,2437989,2449582,2442133,2439535,2208687,2161652
2025,11140,중구,11140635,약수동,7655862,3484963,4170899,891224,916638,1337345,1219406,1210789,2080465,1791937,1543689,953741,972883,1400119,993492,1076889,1073480,1078346,1075503,1086831,1121583,1143230
2025,11140,중구,11140645,청구동,11345480,5122871,6222610,1731996,1327385,2084331,1717307,1753898,2730564,3234431,2387241,1302219,1229956,1713814,1477818,1631146,1624049,1625140,1629954,1618323,1589832,1627035
2025,11140,중구,11140650,신당5동,12898503,5916808,6981696,1288836,1998265,2297135,1969912,2107906,3236447,2866694,2541360,1637100,1695155,2511541,1646655,1799524,1800504,1812447,1810203,1848573,1930058,1897197
2025,11140,중구,11140665,동화동,14119931,6587333,7532599,1591418,1754453,2241141,2133734,2526257,3872932,3353091,2829976,1813419,1880999,2525098,1717348,2005804,2017461,2039923,2034186,2033485,2009356,1979724
2025,11140,중구,11140670,황학동,22728140,10587826,12140313,2348270,3608743,4780359,3760553,3121788,5108424,6100416,4735530,2706292,2701193,3637697,2847013,3182961,3195152,3195905,3215573,3251826,3363928,3322797
2025,11140,중구,11140680,중림동,7954123,3768785,4185342,667689,1017357,1605611,1598596,1339794,1725077,1703214,1713390,1162784,1154271,1330550,889918,1181358,1187179,1194291,1191077,1185531,1015891,998798
2025,11170,용산구,11170510,후암동,15653741,7532626,8121112,2345104,2014629,2957441,2622365,2217242,3496962,4658697,3338547,1709449,1639840,2266111,2041094,2228450,2221864,2222925,2223578,2212136,2238302,2306487
2025,11170,용산구,11170520,용산2가동,18979379,8860907,10118474,2793441,3150184,3756566,3089165,2228570,3961453,4980624,3970704,2220913,2217590,3140929,2448623,2654639,2630097,2651318,2668671,2692420,2811821,2870410
2025,11170,용산구,11170530,남영동,7996423,4092258,3904166,618278,1411215,1650843,1367985,1296402,1651700,1442943,1742214,1249721,1258645,1460175,842731,1170867,1182994,1194340,1201201,1199931,1033870,1013217
2025,11170,용산구,11170555,청파동,29502807,13142179,16360632,3305398,6704677,5613612,4510363,4128423,5240333,7502855,6228289,3730182,3606216,4760030,3675235,4234376,4244304,4253662,4262003,4224390,4062200,4221874
2025,11170,용산구,11170560,원효로1동,19648176,9358017,10290158,2216393,3131566,4893365,3698548,2766682,2941616,4593651,4266655,2624542,2584372,3247615,2331341,2839744,2842620,2863631,2859168,2869649,2703599,2669765
2025,11170,용산구,11170570,원효로2동,14584163,6928568,7655594,1955914,1851008,2766497,2517712,2240951,3252080,4152073,3176559,1649567,1593643,2140395,1871923,2088286,2084607,2086718,2084160,2071861,2063059,2105474
2025,11170,용산구,11170580,효창동,14947374,6583518,8363855,2230876,2216965,2825792,2507270,2167984,2998489,3801496,3218206,1795679,1762424,2417236,1952334,2145280,2137142,2148535,2146272,2122800,2101194,2146153
2025,11170,용산구,11170590,용문동,9406858,4401233,5005625,1129941,1252299,1755435,1537732,1513742,2217709,2564305,1857713,1062997,1094810,1580614,1246420,1316973,1318932,1328879,1329703,1334992,1402129,1375250
2025,11170,용산구,11170625,한강로동,22808151,11593927,11214224,1943286,4615930,5544476,4361756,3148191,3194514,4388070,4550462,3489193,3547973,4336418,2496034,3243220,3308629,3340907,3351719,3386404,3186165,2991108
2025,11170,용산구,11170630,이촌1동,17879690,8190349,9689340,3774171,1563465,2259977,3357381,2910664,4014034,4396288,3807444,2147858,2177148,3055550,2295404,2512469,2533868,2549183,2541811,2561966,2592135,2588257
2025,11170,용산구,11170640,이촌2동,5908507,2873734,3034774,656573,782486,1076729,1038562,934369,1419789,1521965,1227777,665074,718521,1015969,759199,822973,827736,834036,833183,836567,883376,870640
2025,11170,용산구,11170650,이태원1동,9889760,5295786,4593973,627123,2446678,2426015,1774834,1190831,1424280,2410354,1695539,1249791,1314030,1842164,1377877,1276184,1229853,1267868,1300783,1457595,1748354,1609125
2025,11170,용산구,11170660,이태원2동,11503911,5447341,6056570,1212408,1739842,2603393,2504540,1519292,1924439,3131209,2372287,1328118,1324538,1854143,1493617,1603860,1602099,1605162,1616861,1639276,1725640,1711008
2025,11170,용산구,11170685,한남동,17469011,8273560,9195451,1446457,2845194,4033472,3757853,2592038,2793997,3342682,3539126,2580907,2709004,3316021,1981274,2412154,2471323,2533227,2534615,2618972,2558366,2340353
2025,11170,용산구,11170690,서빙고동,6841096,3355426,3485669,1187991,821351,978340,1383782,1136236,1333390,1937509,1516289,794819,769721,981022,841741,962746,967068,962231,967887,964896,996534,1019731
2025,11170,용산구,11170700,보광동,9583165,4870618,4712550,1067701,1160265,1609317,1969638,1598573,2177672,2652256,2044312,1077477,1067332,1485870,1255922,1365028,1360663,1354260,1361194,1368252,1388377,1385395
2025,11200,성동구,11200520,왕십리2동,17951502,7935303,10016199,2362489,2754379,3471557,2876710,2612906,3873465,5228439,3650219,1830014,1850211,2894313,2498311,2507104,2496689,2508407,2503773,2514569,2681970,2738991
2025,11200,성동구,11200535,왕십리도선동,21949003,10162082,11786921,2907745,3857634,4076149,3620099,3240073,4247304,5378030,4513475,2750398,2770502,3824176,2712423,3103033,3110571,3123705,3129515,3165082,3181401,3135698
2025,11200,성동구,11200540,마장동,19725092,9564030,10161063,2384192,3292287,3183964,3011475,3264096,4589081,5021304,4398220,2447534,2346816,3125430,2385788,2801549,2819040,2848622,2844386,2832793,2797473,2781236
2025,11200,성동구,11200550,사근동,17323247,8221007,9102236,2632894,7351108,2148020,1537358,1553956,2099910,4744246,3676570,2035662,1892512,2682850,2291409,2474412,2508454,2520677,2538604,2534431,2416512,2330152
2025,11200,성동구,11200560,행당1동,24477854,11402512,13075343,3762233,5022009,4006262,4008210,3493274,4185867,5530208,4869659,3173572,3279422,4569561,3055432,3463823,3498079,3534591,3542994,3556670,3506466,3375232
2025,11200,성동구,11200570,행당2동,18091510,7974036,10117475,3388463,2104383,2868460,3283313,2635144,3811747,5140690,3782702,1904638,1868617,2878986,2515877,2570089,2555719,2550152,2544289,2549834,2624965,2696467
2025,11200,성동구,11200580,응봉동,10863933,4819039,6044895,2100000,1027630,1684830,1994072,1757299,2300103,3443400,2306637,1027762,980348,1547762,1558018,1531282,1535572,1533642,1534392,1523830,1580008,1625205
2025,11200,성동구,11200590,금호1가동,12771237,5592950,7178289,2302660,1094537,2192310,2575377,1847303,2759053,3399976,2629383,1364242,1459933,2213092,1704611,1778958,1769260,1770267,1769705,1778065,1929725,1975255
2025,11200,성동구,11200615,금호2?3가동,22441833,10290631,12151204,3579161,2238603,3736124,3986293,3517574,5384082,6285783,4538702,2360058,2413004,3757560,3086729,3149719,3136012,3142922,3134091,3141250,3354335,3383509
2025,11200,성동구,11200620,금호4가동,10469932,4861349,5608586,1569928,1026655,1899576,1859491,1629458,2484826,2669825,2154011,1172309,1241779,1830499,1401510,1476299,1472106,1477017,1474102,1482465,1546350,1541593
2025,11200,성동구,11200645,옥수동,11474313,5220750,6253564,2096442,1058750,2010631,2113584,1622562,2572341,2743829,2392605,1365538,1440451,2085185,1446708,1614692,1623324,1636623,1628973,1642302,1684435,1643963
2025,11200,성동구,11200650,성수1가1동,12475830,6067886,6407945,1238773,2204701,2946503,2035098,1811598,2239156,2611112,2554312,1834953,1909302,2195891,1370263,1810196,1830821,1848735,1853782,1846427,1658354,1627516
2025,11200,성동구,11200660,성수1가2동,22222661,10787720,11434941,2029746,4627428,5529615,4072186,2860042,3103640,3509098,4485346,3837139,3997483,4322095,2071502,3308895,3384842,3410468,3412145,3404563,2731725,2570024
2025,11200,성동구,11200670,성수2가1동,19710301,9835591,9874713,1961871,3140650,3919742,3133498,3349071,4205471,4526609,4021947,2627235,2759624,3431703,2343180,2824304,2829094,2847598,2859099,2861113,2766697,2722401
2025,11200,성동구,11200690,성수2가3동,23120214,11182422,11937792,2228475,5396553,5276360,4008489,3114094,3096241,3840030,4740635,3982432,4190335,4243238,2123542,3483851,3530219,3564671,3599656,3545379,2784789,2611645
2025,11200,성동구,11200720,송정동,12859903,6515847,6344056,1176168,2869856,2469986,2040458,1758677,2544755,3750159,2842423,1428145,1371261,1826542,1641373,1846640,1844833,1846374,1839200,1832725,1802319,1847812
2025,11200,성동구,11200790,용답동,12209234,5984889,6224345,1010599,2472218,2211811,1815541,2044248,2654814,3510474,2601061,1358180,1310497,1848582,1580443,1723844,1731081,1739795,1727948,1726861,1757625,1802080
2025,11215,광진구,11215710,화양동,35736962,16544074,19192891,3149656,15745704,6227193,3781122,3099630,3733660,9439945,6976336,3970785,4037291,6344424,4968181,4958816,4980059,5017094,5046252,5154437,5375567,5204739
2025,11215,광진구,11215730,군자동,26621650,12811796,13809851,3218758,8154295,4641502,3686714,2966572,3953808,6987441,5581866,3245031,3163891,4255031,3388391,3839172,3864451,3900462,3893144,3806430,3646455,3671532
2025,11215,광진구,11215740,중곡1동,14467774,6934467,7533306,1545212,2713174,2995695,2260278,2069248,2884163,3963221,2939914,1583209,1592523,2426840,1962064,2039235,2027244,2041032,2032484,2049813,2130508,2147461
2025,11215,광진구,11215750,중곡2동,18154792,8390970,9763823,2671082,2765662,3248554,2801682,2790265,3877545,5647312,3725045,1835837,1779065,2655810,2511721,2584721,2563933,2558086,2565999,2559706,2627593,2694753
2025,11215,광진구,11215760,중곡3동,18392050,8498451,9893600,2274848,2492135,3299310,2723186,2961762,4640806,5455393,3741963,1872841,1873262,2909955,2538640,2576934,2566869,2589515,2563129,2568176,2696613,2830816
2025,11215,광진구,11215770,중곡4동,25663841,11725077,13938766,3540938,3267601,3902167,3795857,4158738,6998536,7596510,5320336,2672984,2612336,3975985,3485691,3630427,3600510,3586394,3589204,3580927,3750637,3925741
2025,11215,광진구,11215780,능동,8357704,3777169,4580538,1155713,1618793,1720258,1291846,1048170,1522925,2186656,1735317,960108,969668,1390062,1115896,1181433,1188101,1192930,1197442,1203280,1197368,1197155
2025,11215,광진구,11215810,광장동,24910816,11342710,13568105,7406400,2482388,2636026,4672458,3692282,4021265,6927338,5301913,2828608,2707511,3845774,3299669,3570593,3569985,3588890,3586383,3590353,3509736,3494879
2025,11215,광진구,11215820,자양1동,30858408,14450355,16408053,3999349,5843052,5422137,4815782,4440134,6337953,8218831,6323051,3559651,3567716,5097340,4091818,4398617,4388564,4378603,4385854,4382294,4444816,4479664
2025,11215,광진구,11215830,자양2동,20592155,9715777,10876376,3663082,2506468,3484907,3499955,2982796,4454944,6123790,4332986,2142584,2124160,3095616,2773016,2907248,2900807,2905677,2907425,2904192,3008638,3058172
2025,11215,광진구,11215840,자양3동,26340065,12037403,14302660,5066167,3691492,3914928,4442310,3740842,5484324,7181921,5386793,2947075,2920430,4372653,3531192,3732697,3707965,3715995,3713088,3737776,3849324,3883221
2025,11215,광진구,11215847,자양4동,34892841,16439061,18453781,3528469,7380037,6337273,5242003,5238019,7167043,8913660,7054321,3954776,4092269,6249637,4628175,4877198,4870503,4896172,4913414,5001631,5197096,5136830
2025,11215,광진구,11215850,구의1동,27177441,12697094,14480343,3495391,5265326,5347501,4257284,3826095,4985845,7858988,5648602,2933104,2846078,4214317,3676353,3857513,3869764,3866380,3876613,3862173,3915605,3929388
2025,11215,광진구,11215860,구의2동,19729419,8759559,10969858,3547485,2459614,2867339,3268522,3047400,4539059,5724255,4084426,2085690,2068376,3077468,2689202,2778938,2770605,2773629,2770296,2767210,2896329,2972410
2025,11215,광진구,11215870,구의3동,25026735,11391665,13635070,5093827,3207584,3767151,4271309,3947701,4739164,6466782,5002043,2881344,3036821,4400936,3238807,3541820,3519465,3524748,3535344,3583475,3702973,3618910
2025,11230,동대문구,11230536,용신동,56265066,27311361,28953706,5370074,10419498,9789524,8981101,8728753,12976115,13424111,12050727,7521344,7370680,9206217,6691987,8097728,8101277,8173954,8143647,8127950,7824791,7795722
2025,11230,동대문구,11230545,제기동,48011615,23051978,24959636,4848753,11529676,6069601,5954032,6931696,12677853,11376198,10248239,6628336,6510070,7652882,5595885,6921375,6957412,6935854,6963883,6892591,6770033,6570463
2025,11230,동대문구,11230560,전농1동,45027555,21456409,23571147,7140355,8916374,6338368,6904417,6246523,9481520,11752687,9374082,5317826,5256190,7421293,5905478,6401458,6429185,6440245,6428067,6396671,6428739,6503195
2025,11230,동대문구,11230570,전농2동,9297385,4210728,5086657,1808831,1088161,1189869,1475172,1414638,2320715,2321058,1916050,1134489,1147774,1601696,1176321,1317335,1315435,1318308,1314918,1309149,1339052,1383189
2025,11230,동대문구,11230600,답십리1동,27486826,12623544,14863283,4472088,3604014,4678917,4911005,3988372,5832430,7440010,5817479,3130020,3090424,4416807,3592085,3913175,3900918,3916325,3907334,3913063,3957247,3978766
2025,11230,동대문구,11230610,답십리2동,22786222,10675048,12111172,3138909,2494651,3800961,3917838,3599692,5834171,6155935,4561919,2549709,2643381,3859854,3015428,3207213,3180411,3188473,3180555,3185497,3394493,3449582
2025,11230,동대문구,11230650,장안1동,35424177,17044786,18379391,4394197,4768288,6368034,6700457,5378230,7814969,9284991,7340147,4247814,4188933,5791073,4571218,5073874,5055063,5115352,5091251,5089522,4994401,5004718
2025,11230,동대문구,11230660,장안2동,30764319,14588392,16175928,6170266,3536485,4622397,5518996,4597108,6319068,8185458,6183447,3505341,3553367,5264498,4072205,4348545,4339718,4344976,4350941,4353001,4490679,4536463
2025,11230,동대문구,11230705,청량리동,24404941,11300619,13104322,2316290,3698699,3183318,3362158,3871833,7972643,5829817,5055908,3206497,3194491,4135316,2982909,3418301,3427207,3441224,3443890,3456285,3586162,3631875
2025,11230,동대문구,11230710,회기동,18135845,7979405,10156440,2452053,7605694,2039904,1791549,1629172,2617471,4372614,3789857,2342265,2212737,3074391,2343984,2598829,2647964,2665106,2663637,2639195,2480999,2440115
2025,11230,동대문구,11230720,휘경1동,23263131,10373484,12889646,2552142,7238591,3550584,2777808,2899732,4244272,6308088,5060280,2579885,2535126,3742062,3037688,3263544,3264145,3268957,3284535,3278521,3433006,3470422
2025,11230,동대문구,11230730,휘경2동,17300797,8300485,9000313,2292347,5419483,2158801,2108901,2064993,3256276,5038205,3775892,1876759,1791117,2530872,2287956,2472650,2473065,2475198,2470785,2423343,2446789,2538969
2025,11230,동대문구,11230740,이문1동,40775292,18469282,22306008,5474553,14614578,5489034,4592643,4704975,5899509,11137296,8667881,4796248,4589888,6308961,5275018,5813007,5883671,5882575,5873905,5769704,5740846,5811586
2025,11230,동대문구,11230750,이문2동,13539787,6340384,7199404,2014693,2255263,1638260,2147942,2094089,3389543,4102550,2843729,1333164,1328740,2054448,1877158,1921867,1911792,1900791,1896988,1900227,1979761,2028366
2025,11260,중랑구,11260520,면목2동,21761163,10373985,11387182,2965409,2707523,3325730,3363227,3810240,5589028,6291004,4456184,2347025,2337597,3400064,2929292,3068618,3050662,3057855,3054331,3052794,3194592,3282314
2025,11260,중랑구,11260540,면목4동,18629668,8984177,9645490,2662403,2145153,2748066,3159107,3018959,4895981,5187863,3842009,2046239,2053420,2965234,2534901,2640220,2624388,2630252,2629223,2607504,2703427,2794645
2025,11260,중랑구,11260550,면목5동,9532191,4501994,5030198,1335833,1019187,1518498,1554423,1613344,2490904,2755697,1987084,1006848,1008726,1501069,1272770,1338052,1329210,1323033,1326704,1320790,1417856,1476549
2025,11260,중랑구,11260565,면목본동,39241442,18226817,21014624,4184476,5684974,6600837,5785747,6949648,10035758,11680743,8017880,4054303,4035215,6090756,5362542,5553834,5507600,5495477,5505505,5498136,5770500,5910390
2025,11260,중랑구,11260570,면목7동,24456496,11630285,12826212,3019043,2868694,3769997,3787844,4066287,6944634,6931879,4963513,2583782,2646622,4003782,3326917,3443933,3415016,3424638,3410063,3401784,3627439,3733629
2025,11260,중랑구,11260575,면목3?8동,24971223,11767325,13203898,2837334,3831366,3873257,3813060,4107222,6508982,6636477,4979966,2878084,2887394,4205813,3383490,3564666,3555060,3550182,3546158,3532022,3587239,3635899
2025,11260,중랑구,11260580,상봉1동,18541842,8637829,9904011,3074702,2194118,3052595,2793355,2787192,4639875,5039216,3907706,2101179,2062815,2987676,2443255,2634577,2625296,2613639,2619952,2615635,2680758,2751981
2025,11260,중랑구,11260590,상봉2동,27849939,12864109,14985827,2247786,5475213,5996364,4056505,4203418,5870650,7363379,5405482,3167930,3257323,4876749,3779078,3879613,3863437,3870936,3882158,3955870,4262771,4135154
2025,11260,중랑구,11260600,중화1동,19377841,9120959,10256882,3275927,2363317,3052689,2778009,2908499,4999402,5662551,4077172,2110080,1989205,2914891,2623944,2785326,2760404,2754704,2745926,2736417,2752191,2842874
2025,11260,중랑구,11260610,중화2동,30893160,15182200,15710958,3565074,3997512,4774455,4523344,5163670,8869106,8267357,6226384,3373648,3486205,5336504,4203060,4342677,4320787,4322862,4308147,4332409,4577967,4688316
2025,11260,중랑구,11260620,묵1동,27947005,12841937,15105069,4649609,3678797,3972032,4195719,4269798,7181049,7659371,5809946,3070607,3069484,4572243,3765350,3938119,3923599,3924624,3918693,3919186,4106943,4215845
2025,11260,중랑구,11260630,묵2동,20713656,9610590,11103066,2574595,3016318,3170209,3252399,3463785,5236350,5614978,4151692,2312640,2355002,3501838,2777509,2899479,2895339,2904793,2886233,2907594,3089622,3130591
2025,11260,중랑구,11260655,망우본동,45692202,21109336,24582866,7265915,5421736,7060006,7348532,7053516,11542501,11880221,9334249,5445978,5352559,7645660,6033536,6470789,6441139,6447907,6435917,6400670,6641666,6854114
2025,11260,중랑구,11260660,망우3동,15858935,7499559,8359375,1879332,1989459,2308775,2309880,2842955,4528535,4973760,3351308,1631320,1529792,2246657,2126100,2266945,2243091,2224577,2229144,2215939,2285759,2393487
2025,11260,중랑구,11260680,신내1동,19821185,9110656,10710532,3876183,1911322,2769756,2993622,3039159,5231141,5472789,3936246,2128824,2199437,3369375,2714517,2815885,2790120,2795462,2783128,2808329,2885005,2943255
2025,11260,중랑구,11260690,신내2동,6780450,3102551,3677898,1187867,660246,973217,1067646,1076611,1814868,1876245,1416461,767795,754674,1086668,878608,976491,964549,973077,964591,968615,961627,971497
2025,11290,성북구,11290525,성북동,16802344,7578400,9223946,2717080,2698061,2479284,2564496,2588739,3754682,4274133,3575364,2073019,2031123,2783066,2065643,2383036,2404179,2414292,2414479,2406960,2396460,2382938
2025,11290,성북구,11290555,삼선동,40404272,18230231,22174044,5712682,9138926,5984515,5974496,6119739,7473914,9321794,7979935,4985071,5233402,7588261,5295815,5756420,5779419,5818842,5813660,5843611,5766867,5625449
2025,11290,성북구,11290575,동선동,30917927,12523993,18393932,5074333,9013391,4495209,3899255,3774334,4661408,7368523,6141390,3845599,3971325,5685690,3905405,4329062,4383026,4423668,4409012,4450274,4495711,4427173
2025,11290,성북구,11290580,돈암1동,9113873,4058543,5055330,1678875,1104656,1138445,1281305,1495182,2415413,2625732,1912463,964008,972698,1422099,1216873,1296932,1295100,1301694,1295184,1292897,1315626,1316437
2025,11290,성북구,11290590,돈암2동,11131511,5019240,6112269,2514079,1162148,1380063,1992496,1771854,2310868,3309851,2251229,1090094,1141320,1783146,1555871,1542652,1532211,1545391,1532947,1531607,1687150,1759554
2025,11290,성북구,11290600,안암동,30539847,14907931,15631918,3884646,12320735,3962454,2968914,3153528,4249574,6956899,6350144,4298217,4127182,5125510,3681895,4557322,4621168,4646727,4645188,4363859,3876890,3828698
2025,11290,성북구,11290610,보문동,21128007,9713591,11414417,2700232,3831909,3350507,3181474,3317869,4746015,5896576,4501732,2327245,2301574,3322316,2778563,3002749,2991959,2996482,2995316,2990176,3035800,3115526
2025,11290,성북구,11290620,정릉1동,17750883,8044169,9706717,3767749,2001314,2135035,3016999,2739967,4089823,4926367,3559097,1877549,1930228,3009038,2448610,2498367,2474573,2476127,2469561,2466606,2645671,2719982
2025,11290,성북구,11290630,정릉2동,22490591,10342585,12148006,4079984,3016218,3101936,3601143,3509153,5182157,6809512,4642985,2215066,2182306,3457211,3183510,3165541,3165306,3162305,3154567,3139965,3305771,3397136
2025,11290,성북구,11290640,정릉3동,10711086,5250603,5460485,1574634,3050182,1180421,1196815,1405049,2303990,2940317,2219983,1206969,1209153,1721044,1413624,1509359,1516679,1516782,1521243,1502013,1554157,1590852
2025,11290,성북구,11290650,정릉4동,13429803,6104840,7324964,2329896,2173342,1606926,1983848,2042709,3293081,4125991,2794110,1345706,1326819,1983599,1853580,1901498,1917212,1912531,1907218,1865286,1932492,1993564
2025,11290,성북구,11290660,길음1동,24869147,11069777,13799370,7293951,2437093,2612136,4673392,3586131,4266446,6807112,4969669,2612168,2765119,4288037,3427044,3496110,3496204,3500820,3506275,3505123,3661724,3702885
2025,11290,성북구,11290685,길음2동,19906835,8848997,11057834,3872173,2299219,2669320,3642516,3127013,4296592,5121473,3932758,2295816,2441231,3531804,2583749,2747792,2751382,2772619,2754394,2782229,3042642,3055777
2025,11290,성북구,11290705,종암동,43810897,20274462,23536435,7918396,7401799,5538559,6518457,6601513,9832176,12013501,9012202,4906453,4992506,7118285,5767953,6205778,6204370,6208512,6217025,6166297,6350457,6458456
2025,11290,성북구,11290715,월곡1동,32759734,15195843,17563888,6958299,4155268,4167334,5246640,5077045,7155148,8079765,6613391,4116310,4200437,5629015,4120816,4700253,4701412,4724448,4687416,4634746,4626504,4684953
2025,11290,성북구,11290725,월곡2동,25159637,11332779,13826856,3816069,4550306,3509045,3469499,3810192,6004527,6411032,5225738,3017488,2995793,4264064,3245519,3574569,3576865,3604122,3604666,3544830,3578847,3675734
2025,11290,성북구,11290760,장위1동,26209964,11982430,14227532,4532180,3142003,3519197,3859986,4446957,6709635,8004210,5551985,2718280,2572534,3801111,3561849,3732268,3708718,3701370,3696970,3667305,3775563,3927771
2025,11290,성북구,11290770,장위2동,22308892,9985130,12323763,2924864,3036670,3413006,3340421,3641309,5952618,6336487,4638823,2412656,2393799,3530198,2996928,3183070,3152209,3195596,3162630,3168190,3168990,3278208
2025,11290,성북구,11290780,장위3동,14812197,7129276,7682920,2304889,2046647,2171265,2400806,2346679,3541911,3954420,3085126,1671231,1679032,2436744,1985642,2098445,2089826,2100586,2088067,2090936,2152362,2191977
2025,11290,성북구,11290810,석관동,40972082,19080201,21891880,5784779,6458072,5748583,5865452,6646207,10468988,11684376,8428053,4415763,4391595,6530276,5522022,5814653,5808527,5808787,5815938,5789284,5894075,6040817
2025,11305,강북구,11305534,삼양동,44599097,21102278,23496821,6627284,5437638,5567031,7160036,7354804,12452309,12516505,9068065,4826237,4862972,7315129,6010191,6277641,6223220,6225035,6192849,6199887,6629812,6850654
2025,11305,강북구,11305535,미아동,31046280,13964485,17081794,3046877,5553248,4194620,4300842,5209497,8741197,8398354,6568604,3605287,3537055,4921585,4015398,4428875,4418361,4417578,4419116,4417026,4465736,4479589
2025,11305,강북구,11305545,송중동,46566665,20944793,25621870,6763496,6247908,6149664,7054076,7865029,12486494,12432895,9326677,5346324,5438118,7827316,6195337,6592873,6585433,6593620,6568363,6600212,6826621,6799547
2025,11305,강북구,11305555,송천동,42961869,19591696,23370172,6972250,4656572,5106257,6311147,7458325,12457321,11374153,9075286,5109846,4957950,6918170,5526468,6145827,6112879,6113374,6092588,6086284,6145904,6265016
2025,11305,강북구,11305575,삼각산동,11999454,5488448,6511005,3112478,1086126,1270470,2057418,1917221,2555740,3141921,2454403,1365315,1455636,2037561,1544617,1681263,1673757,1679688,1667576,1665144,1789401,1842629
2025,11305,강북구,11305595,번1동,26110282,12127763,13982520,2745605,4962577,3819052,3867015,4265814,6450216,6971673,5344035,3055522,3061169,4296385,3381502,3712533,3701565,3699919,3700110,3721827,3766167,3808161
2025,11305,강북구,11305603,번2동,10989034,5166334,5822701,1433121,1333269,1375180,1526524,1874988,3445952,3425669,2328010,1126026,1055587,1576801,1476942,1559938,1550700,1539947,1540204,1533165,1600398,1664681
2025,11305,강북구,11305608,번3동,12535255,5675219,6860033,1819709,1228758,1386986,1828329,2138941,4132531,3675150,2570732,1309277,1303574,1952162,1724364,1791952,1787479,1781732,1769784,1765757,1794367,1844182
2025,11305,강북구,11305615,수유1동,23027609,10796706,12230903,3161123,3356218,2970985,3289204,3701652,6548426,6562409,4940581,2633847,2508445,3404530,2977796,3290005,3264799,3255710,3252517,3242526,3300839,3421211
2025,11305,강북구,11305625,수유2동,20894396,9376132,11518263,2622213,2806002,2449005,3180921,3596139,6240116,5307043,4098341,2426157,2484349,3751819,2826685,2952701,2932424,2915568,2913089,2911571,3076742,3192303
2025,11305,강북구,11305635,수유3동,37675776,17604294,20071482,3464027,8055843,5627160,5696471,5976612,8855663,9348603,7313820,4442148,4585623,6854178,5131406,5267556,5255308,5302605,5306675,5432822,5605223,5505585
2025,11305,강북구,11305645,우이동,15337494,6703425,8634070,2175721,2175967,1856191,2338388,2501699,4289534,4347136,3167177,1737686,1697831,2373393,2014274,2154082,2147242,2150255,2141096,2120645,2277764,2346412
2025,11305,강북구,11305660,인수동,32420562,14884890,17535670,5030211,3881195,3864422,4758461,5218456,9667814,9551508,6755007,3417746,3379324,4950422,4366556,4608348,4576878,4566344,4548270,4539770,4717479,4863473
2025,11320,도봉구,11320511,창1동,14065259,6539866,7525392,2089376,1825766,2029952,2069018,2297527,3753615,3669330,2923938,1657465,1648722,2336086,1829719,1994074,1985709,1997391,1984187,1999358,2029914,2074628
2025,11320,도봉구,11320512,창2동,42935421,19892692,23042727,6124385,6041552,6262844,6616891,6620314,11269434,12975104,8763902,4303790,4326080,6561103,6005444,6067239,6022110,6012233,6000288,5972247,6322509,6538797
2025,11320,도봉구,11320513,창3동,13941943,6463454,7478490,2095400,1479911,1516800,2187955,2532211,4129664,3936457,2832664,1516010,1491844,2244852,1920116,1971162,1955304,1962665,1957604,1938886,2033148,2123176
2025,11320,도봉구,11320514,창4동,14346975,6714109,7632864,2329817,1697435,1900032,2176333,2446474,3796882,3988338,3052264,1642756,1619112,2182848,1861654,2019221,2019365,2025983,2019712,2048148,2094335,2120208
2025,11320,도봉구,11320515,창5동,15107847,6870679,8237170,2304296,1922154,2189371,2207057,2418617,4066352,3457167,3019339,1877183,1956705,2859734,1937719,2137928,2129456,2127272,2128312,2150567,2229575,2204733
2025,11320,도봉구,11320521,도봉1동,14829985,7258803,7571186,1815252,1430577,1695458,1973350,2649404,5265947,4014468,3088171,1707546,1738483,2380421,1900902,2081516,2081642,2082962,2075150,2071748,2168644,2268324
2025,11320,도봉구,11320522,도봉2동,12326047,5822987,6503060,1708667,1210378,1598947,1823558,2061313,3923188,3386532,2564549,1357656,1352987,1988708,1675616,1754916,1752426,1753193,1740700,1738415,1772515,1813884
2025,11320,도봉구,11320660,쌍문1동,18328242,8066857,10261385,3058715,2871049,2115717,2513771,2832699,4936291,5203827,3793495,2044656,2007957,2847392,2430911,2615284,2617870,2613397,2598941,2519120,2618705,2744925
2025,11320,도봉구,11320670,쌍문2동,17448416,7963194,9485222,2621981,2044357,2409411,2577872,2837818,4956974,4779851,3581550,1986386,1960286,2813823,2326520,2493928,2487292,2480032,2477470,2477003,2485828,2546858
2025,11320,도봉구,11320680,쌍문3동,21588530,9699957,11888576,3222444,2999593,3043459,3218918,3325916,5778200,5757069,4531610,2477030,2424384,3535284,2863156,3074000,3062886,3062149,3046457,3053585,3111397,3178057
2025,11320,도봉구,11320681,쌍문4동,9567743,4429710,5138033,2186514,839908,1097127,1428656,1434456,2581083,2642454,2013545,1046563,1062806,1538176,1264199,1367017,1361099,1341212,1345892,1339354,1377794,1435372
2025,11320,도봉구,11320690,방학1동,25848151,12094459,13753693,3394518,2979425,3218584,3960198,4596463,7698970,6224801,5167751,3155997,3293559,4669528,3336518,3632393,3614171,3621546,3609128,3622638,3857317,3890960
2025,11320,도봉구,11320700,방학2동,10612387,5072105,5540282,1294173,1037695,1190846,1497375,1897165,3695133,2859362,2106851,1188568,1221880,1794793,1440934,1499944,1488172,1481497,1477816,1473518,1573668,1617770
2025,11320,도봉구,11320710,방학3동,13024315,6114105,6910212,2741489,1103866,1380965,1913505,1943520,3940974,4056214,2722998,1315787,1236756,1898029,1794528,1845709,1829386,1821991,1823442,1810708,1906074,1987007
2025,11350,노원구,11350560,월계1동,18139056,9592536,8546520,3164665,4418691,2091161,2309238,2356483,3798818,4487449,3773275,2286729,2241088,3064545,2285971,2618270,2624910,2645780,2638188,2580069,2523512,2508333
2025,11350,노원구,11350570,월계2동,14613596,6523791,8089805,2812668,1619631,1690708,2286409,2172407,4031773,4905212,3169705,1388886,1245047,1866263,2038483,2114531,2111221,2105456,2096806,2054071,2022507,2109005
2025,11350,노원구,11350580,월계3동,9609858,4415364,5194495,1612862,1080233,1377331,1484952,1453654,2600831,2731600,2015491,1016926,1024433,1522785,1298628,1353498,1340536,1337705,1338447,1341904,1441803,1455967
2025,11350,노원구,11350595,공릉1동,40790117,18994960,21795156,5736664,7815642,5526657,5861568,5917268,9932317,10942638,8321898,4618539,4635175,6846937,5424930,5746322,5735252,5745256,5749398,5789253,6008394,6016245
2025,11350,노원구,11350600,공릉2동,32989929,15559596,17430330,6528743,6592840,4216083,4882354,4316034,6453876,9049206,6912737,3723711,3641312,5271528,4391433,4672864,4674661,4687393,4689309,4685749,4756806,4823148
2025,11350,노원구,11350611,하계1동,14431897,6803721,7628176,2627564,2179758,1532180,1978107,2390523,3723762,3665144,3122626,1846620,1760236,2271284,1765989,2059135,2073505,2083519,2071035,2044848,2014285,2085567
2025,11350,노원구,11350612,하계2동,9931044,4443926,5487119,1668405,1148600,1314625,1676600,1684588,2438227,2786978,2071513,1056931,1067996,1586706,1360923,1400377,1389495,1402837,1386041,1385943,1467650,1498704
2025,11350,노원구,11350619,중계본동,15265946,6929347,8336600,5067476,1465744,1006440,2750996,2470447,2504842,3620561,2936940,1832080,2037207,2948123,1891038,2110493,2106272,2101758,2116052,2112374,2368980,2350019
2025,11350,노원구,11350621,중계1동,15093001,6967970,8125030,4818532,1443990,1117170,2654990,2372007,2686310,4077471,2998825,1676871,1766890,2610348,1962595,2133512,2131009,2131763,2141142,2143881,2220121,2191567
2025,11350,노원구,11350624,중계4동,11327263,5314422,6012844,2103667,1251353,1102603,1651963,1970468,3247213,3030343,2234560,1279465,1310662,1926828,1545406,1605253,1598737,1594492,1598009,1607927,1661343,1661509
2025,11350,노원구,11350625,중계2?3동,17328920,7598602,9730319,3389005,1835733,2194490,2794055,2856726,4258914,4945990,3638053,1933092,1863226,2632106,2316457,2462975,2455837,2464969,2451467,2442465,2492716,2558489
2025,11350,노원구,11350630,상계1동,27127561,12411904,14715659,4238182,2825578,3291023,3862425,4568068,8342283,7152412,5441879,3140990,3163081,4652678,3576520,3801516,3767762,3772199,3767705,3772424,4063229,4182724
2025,11350,노원구,11350640,상계2동,40534966,18818548,21716419,6206011,6163688,5375063,5738170,6757541,10294495,9494945,7812766,5042972,5277682,7649030,5257573,5611910,5630626,5657515,5663074,5784107,6100626,6087108
2025,11350,노원구,11350665,상계3?4동,33342768,15590319,17752452,5013026,3421625,3682009,4968617,5932033,10325461,9059291,6807134,3650433,3731531,5642032,4452347,4661754,4627475,4620070,4612571,4604926,5039459,5176517
2025,11350,노원구,11350670,상계5동,21929018,9960670,11968347,3152098,2504013,2492481,3067349,3934572,6778503,6038213,4391114,2375567,2435679,3693767,2994679,3094187,3072176,3070111,3060127,3070328,3240528,3321564
2025,11350,노원구,11350695,상계6?7동,25032788,10906154,14126635,4158394,3360928,3691956,3894819,4163945,5762743,5786881,5060439,3368985,3417229,4374943,3024310,3582527,3578305,3605717,3601834,3637106,3579052,3448248
2025,11350,노원구,11350700,상계8동,3929319,1751452,2177867,890447,380398,673232,605316,533319,846610,1186404,806769,383112,373168,600880,578993,559669,556277,558886,555535,557167,564340,577444
2025,11350,노원구,11350710,상계9동,7110569,3178708,3931860,1549645,716587,978947,1021028,1033824,1810545,2036846,1492512,769373,739662,1095912,976263,1022941,1012794,1013166,1008369,1008308,1009623,1035367
2025,11350,노원구,11350720,상계10동,7652140,3357830,4294310,1305359,1050881,1188918,1131191,1185469,1790324,1885561,1521390,917676,967366,1371140,989008,1064274,1063164,1063890,1064462,1086936,1157150,1152263
2025,11380,은평구,11380510,녹번동,25478380,11139049,14339331,3354020,3227835,4165542,4115134,4127932,6487921,7593336,5321844,2620452,2581303,3873184,3488262,3617817,3605971,3606525,3600396,3600583,3695750,3751337
2025,11380,은평구,11380520,불광1동,21324741,9556135,11768608,3107023,2640006,3112290,3110604,3371115,5983704,6118519,4332749,2282578,2301218,3414066,2875613,3005526,2987471,2968945,2970646,2978339,3166519,3247292
2025,11380,은평구,11380530,불광2동,21174693,9756781,11417912,2895383,2806435,3009914,2968297,3496571,5998090,6180347,4424152,2264982,2163708,3240811,2900692,3008761,2982530,2974818,2969552,2971796,3078702,3188531
2025,11380,은평구,11380551,갈현1동,21402014,9864804,11537210,2985079,3172902,3302118,3282553,3309544,5349816,5211140,4444598,2575536,2585088,3796125,2789523,3032488,3012305,3030699,3027790,3070551,3125730,3102451
2025,11380,은평구,11380552,갈현2동,23097404,10441975,12655430,4195421,3124027,3064127,3686384,3606824,5420622,6500919,4790138,2475319,2448905,3696293,3185830,3282809,3261455,3256365,3262386,3270534,3357061,3406799
2025,11380,은평구,11380560,구산동,21653023,9434884,12218139,4148787,2552088,2733559,3293114,3485422,5440057,6383147,4575069,2315693,2234319,3236387,2908409,3081231,3075237,3069893,3059301,3033631,3109626,3224106
2025,11380,은평구,11380570,대조동,51573516,22888648,28684863,7265106,7353837,9222145,8360210,7789698,11582516,14404317,10418111,5588503,5631721,8419536,7111326,7299677,7303365,7328317,7308599,7318823,7541632,7473100
2025,11380,은평구,11380580,응암1동,20672155,8989819,11682333,3293962,2834858,3365075,3728106,3016900,4433256,6097544,4192157,2141227,2144443,3288607,2808178,2922678,2898920,2892428,2887706,2918415,3068809,3083194
2025,11380,은평구,11380590,응암2동,15373048,7085489,8287560,3556365,1230592,2245374,3109585,2095031,3136100,4310582,3130360,1649702,1671362,2525938,2085100,2156238,2137698,2149420,2146339,2137224,2287094,2359036
2025,11380,은평구,11380600,응암3동,30679887,14032307,16647580,3944915,4054113,4589553,5072071,4845184,8174049,8653138,6174194,3307098,3262398,4952588,4330472,4337813,4342018,4335867,4328228,4345686,4461827,4528443
2025,11380,은평구,11380625,역촌동,45037565,20179092,24858473,7020343,5771406,6555554,7379892,7229310,11081056,12832322,9070857,4758237,4810803,7364859,6200487,6331827,6274854,6278166,6267947,6294426,6720425,6869921
2025,11380,은평구,11380631,신사1동,23854796,10691393,13163398,3700081,2982097,3588306,3928179,3797105,5859029,7036706,4868074,2429882,2420220,3780620,3319295,3348384,3316732,3316798,3307474,3318453,3559593,3687366
2025,11380,은평구,11380632,신사2동,10574435,4981761,5592673,1832488,1179141,1523167,1643586,1584138,2811913,2938939,2265101,1169288,1141800,1665122,1394188,1499273,1491664,1490370,1490502,1480919,1532387,1589316
2025,11380,은평구,11380640,증산동,11741925,5355028,6386894,1722240,1444312,1816592,1895435,1951153,2912192,3410813,2468668,1230132,1203429,1823716,1605168,1662505,1655512,1661553,1660339,1652319,1705943,1743751
2025,11380,은평구,11380650,수색동,10351318,4845554,5505757,1290256,1304942,2049699,1900103,1743913,2062406,2972712,2170424,1085384,1089079,1626580,1407133,1460764,1468169,1465333,1459950,1454191,1506807,1536103
2025,11380,은평구,11380690,진관동,26924455,12097716,14826740,7033184,2752400,2931839,4527130,4016839,5663059,7816696,5662269,2867233,2808086,4139006,3631167,3807583,3785717,3778815,3774946,3784002,3951710,4041687
2025,11410,서대문구,11410520,천연동,13183616,5987419,7196200,2179159,1614530,1798125,2168311,2274917,3148574,3517411,2782629,1570910,1492939,2111004,1708730,1892717,1912206,1906653,1913118,1888717,1844658,1825549
2025,11410,서대문구,11410555,북아현동,91552777,43192124,48360652,10653174,14348420,19071136,19929781,14637380,12912883,20277477,20500649,13871511,13806865,13485323,9610954,14040224,14442960,14547931,14448920,14055525,10286446,9730773
2025,11410,서대문구,11410565,충현동,43612766,20157905,23454860,4732119,7002257,8657044,8732449,7064711,7424187,8839939,9578006,6781853,6845337,7106082,4461551,6611444,6727361,6772379,6739330,6492972,5187886,5081396
2025,11410,서대문구,11410585,신촌동,41965727,17223150,24742578,4253480,19626957,6689504,4132875,3504942,3757968,8761395,7910341,5740604,5893668,8380099,5279619,5832212,5930526,5974738,6068931,6183261,6196187,5779873
2025,11410,서대문구,11410615,연희동,34988268,15825201,19163066,4295268,8040247,5594044,5419477,4962146,6677083,9352079,7531918,4187656,4085972,5472736,4357903,4928389,4961171,4959614,4974784,4957742,5082131,5124436
2025,11410,서대문구,11410620,홍제1동,22268224,9795008,12473216,3377910,2749844,3051657,3262874,3657007,6168936,6203557,4651981,2459223,2452531,3550077,2950855,3142656,3120390,3115991,3120413,3140652,3296373,3331748
2025,11410,서대문구,11410640,홍제3동,14779542,6664183,8115360,2049222,1840841,2035803,2114609,2491711,4247357,3776952,2996926,1713495,1754781,2551651,1985745,2087985,2091193,2095116,2089482,2089320,2146103,2180343
2025,11410,서대문구,11410655,홍제2동,8793017,3877236,4915781,1240792,1028951,1304909,1327204,1499821,2391343,2359125,1692613,913127,981055,1580087,1267012,1238047,1223959,1218399,1221723,1237297,1309962,1343634
2025,11410,서대문구,11410660,홍은1동,15246908,6899036,8347873,2134434,1810484,2183062,2318856,2587886,4212182,4320554,3156598,1593123,1599899,2467615,2109121,2128310,2111795,2110711,2100119,2095795,2294154,2406024
2025,11410,서대문구,11410685,홍은2동,17914256,8063568,9850686,2984439,3032325,2268742,2659686,2751783,4217280,5063104,3895307,2030818,1950238,2663411,2311380,2558618,2559740,2560943,2555949,2513344,2540826,2624839
2025,11410,서대문구,11410690,남가좌1동,5154772,2272134,2882638,1347450,493487,704130,926876,724617,958210,1177585,1046023,617890,686172,974726,652373,717158,714968,709387,715463,728176,795112,774503
2025,11410,서대문구,11410700,남가좌2동,24461070,10952002,13509068,4209141,5379165,3287154,3560126,3186654,4838829,6409229,5076887,2918103,2871379,4015450,3170020,3483874,3503280,3526087,3511118,3406542,3501359,3528810
2025,11410,서대문구,11410710,북가좌1동,10329034,4702271,5626765,2263355,986519,1374886,1810396,1625190,2268689,3022010,2113268,1055547,1051970,1633145,1453092,1459843,1451869,1453591,1449186,1453032,1509160,1552349
2025,11410,서대문구,11410720,북가좌2동,38308319,17171995,21136323,6078368,5199291,5620098,6159619,5938271,9312671,10706338,7663725,4069167,4202572,6383164,5283352,5393327,5368199,5357445,5344985,5354361,5664343,5825656
2025,11440,마포구,11440555,아현동,31325725,13431380,17894346,6458517,3697386,5734256,5738695,4400317,5296552,7925969,6809916,3911023,3856992,5026351,3795475,4559773,4568812,4591656,4569081,4544628,4245549,4246226
2025,11440,마포구,11440565,공덕동,49749854,22869668,26880188,7084500,7099153,9261576,8467616,7703035,10133972,13712267,10520611,5704804,5519390,7767734,6525041,7153847,7123477,7165634,7136559,7103486,6996307,7070542
2025,11440,마포구,11440585,도화동,15879256,7360409,8518848,1772502,2203603,3246303,2869075,2462981,3324792,3399436,3147726,2109573,2146956,3087385,1988180,2264967,2258305,2263368,2264066,2291119,2300740,2236693
2025,11440,마포구,11440590,용강동,22611604,10445356,12166248,4607780,2346164,3725873,4509449,3388917,4033423,5728450,4638401,2783383,2792098,3881842,2787429,3265168,3278998,3273600,3290663,3284094,3157606,3061474
2025,11440,마포구,11440600,대흥동,28227348,12645291,15582057,4003109,8694703,4460360,4053700,3177393,3838086,6297763,5853549,3739312,3800654,5118443,3417627,4030490,4085710,4108928,4111166,4083945,4002261,3804850
2025,11440,마포구,11440610,염리동,22538780,10012521,12526257,4418958,2901486,3839460,4622589,3194667,3561619,6120201,4657242,2599829,2561926,3602626,2996957,3245490,3252460,3266466,3262986,3233056,3130243,3148083
2025,11440,마포구,11440630,신수동,19515726,9363823,10151904,3529011,3368534,2952532,3230195,2819695,3615762,5015770,4089591,2369594,2354425,3242404,2443945,2771233,2779433,2778374,2790816,2774128,2799108,2822634
2025,11440,마포구,11440655,서강동,24685181,11685221,12999960,3794306,6062422,4200478,3818213,2953582,3856180,6238569,4998834,3012721,3106352,4229638,3099068,3451746,3476858,3516631,3529446,3555073,3604141,3551285
2025,11440,마포구,11440660,서교동,69090981,30618491,38472490,7580830,23281742,14308768,10355099,6724785,6839754,11523509,11321334,10315980,11979438,15744682,8206037,9303430,9379673,9550084,9753087,10297720,10982165,9824824
2025,11440,마포구,11440680,합정동,17940082,8286674,9653406,1695670,4072852,4384935,3079303,2176703,2530615,3888008,3478523,2450109,2474551,3435586,2213306,2494673,2518115,2531806,2567607,2637593,2648503,2541785
2025,11440,마포구,11440690,망원1동,27003112,11915037,15088075,2643823,5173003,5969557,4681454,3495545,5039728,7710718,5270117,2892064,3016540,4429840,3683832,3672851,3678955,3693604,3730389,3791066,4204565,4231676
2025,11440,마포구,11440700,망원2동,22483198,10105239,12377961,3116431,3166709,4073054,4006876,3531088,4589042,6488248,4570386,2368527,2402407,3600627,3053002,3127398,3116681,3110385,3118032,3135055,3378507,3497137
2025,11440,마포구,11440710,연남동,25956068,11455188,14500880,2527576,6585979,5802606,4338712,2980655,3720541,6376287,4938322,3171906,3412509,4773466,3283575,3561301,3550352,3594214,3628116,3705984,4010141,3905963
2025,11440,마포구,11440720,성산1동,23746915,10636663,13110253,3277819,3798665,4664318,4621917,3436170,3948027,6334345,5011502,2790879,2760867,3799970,3049354,3372820,3361709,3371777,3362212,3364914,3427358,3486122
2025,11440,마포구,11440730,성산2동,25958708,11471564,14487145,4100289,4151466,4674136,4435454,3791286,4806076,7760257,5464566,2651683,2612688,3921151,3548364,3664396,3657341,3649697,3649636,3646822,3800277,3890541
2025,11440,마포구,11440740,상암동,21073317,10157365,10915952,3131643,3303265,4242445,4302213,3046520,3047232,4592060,4604708,3043231,2940274,3497436,2395608,3186587,3228627,3226504,3245326,3130024,2585061,2471190
2025,11470,양천구,11470510,목1동,18280657,8411710,9868947,5321612,1934629,2071571,3590376,2607008,2755460,3445441,3534117,2586790,2749886,3770959,2193458,2562408,2575832,2581382,2604190,2663509,2752753,2540588
2025,11470,양천구,11470520,목2동,25879471,11920668,13958806,4378569,3388547,4549351,4129911,3803813,5629282,7839176,5445944,2547873,2511708,3934586,3600187,3642091,3615988,3615269,3603623,3602827,3840607,3959068
2025,11470,양천구,11470530,목3동,19722640,8994554,10728085,3233037,2333689,3312781,3122889,2949143,4771095,5507955,3951340,2114601,2096031,3250135,2802578,2789534,2764228,2773365,2767163,2774338,2881238,2972771
2025,11470,양천구,11470540,목4동,22181502,10499780,11681725,5143185,2732177,2628145,3599200,3788333,4290462,6782894,4582798,2243202,2208556,3300919,3063130,3151022,3127842,3109284,3119140,3129244,3236407,3308569
2025,11470,양천구,11470550,목5동,18976380,8790609,10185769,6370917,1582760,1582863,3675516,2597461,3166867,4954996,3781238,2113646,2232060,3337256,2557186,2660702,2655045,2657212,2662896,2687490,2825757,2827278
2025,11470,양천구,11470560,신월1동,15605395,7662952,7942445,2064853,1657525,2323417,2568330,2479534,4511740,4530534,3183054,1671685,1669574,2441331,2109221,2202005,2184599,2171283,2176134,2181648,2308039,2381690
2025,11470,양천구,11470570,신월2동,14133035,6608261,7524773,2932830,1387445,2003352,2360589,2017927,3430893,4117935,2895587,1491657,1487789,2201686,1938380,2000408,1989005,1991270,1992573,1980287,2051211,2128285
2025,11470,양천구,11470580,신월3동,10571917,5270985,5300933,1643157,1071012,1467880,1679019,1763425,2947424,2975057,2251907,1204637,1168871,1597114,1374333,1510308,1504065,1495437,1495293,1484051,1515673,1567088
2025,11470,양천구,11470590,신월4동,13220827,6233623,6987206,3064508,1179813,1621196,2185388,1905268,3264653,3961191,2681840,1349504,1346881,2054337,1827072,1878627,1867504,1862645,1860824,1870746,1912858,1967620
2025,11470,양천구,11470600,신월5동,11071000,5267339,5803663,1989994,1257979,1658952,1728450,1614142,2821490,2928938,2364644,1359047,1279813,1740697,1397866,1586886,1581015,1577031,1591078,1577934,1552404,1604658
2025,11470,양천구,11470610,신월6동,3542910,1704543,1838365,580538,325550,536658,607348,583898,908917,805102,729828,443796,462291,644247,457646,503241,502896,503353,501885,499227,512063,520242
2025,11470,양천구,11470611,신월7동,8157887,3901330,4256556,1268873,795917,1109033,1153193,1342249,2488624,2116067,1647616,919110,923566,1419323,1132204,1150830,1146715,1141618,1140312,1140714,1202850,1234844
2025,11470,양천구,11470620,신정1동,12332864,5778703,6554164,3055792,1251134,1412674,2269345,1856035,2487883,3032206,2441136,1476451,1527580,2235047,1620444,1744166,1739426,1741700,1743796,1753595,1815246,1794933
2025,11470,양천구,11470630,신정2동,17452672,8068651,9384021,4906577,1722842,1745503,3128564,2656742,3292442,4715221,3507106,1980033,2008159,2946122,2296033,2449041,2449564,2441874,2455174,2477892,2579898,2599232
2025,11470,양천구,11470640,신정3동,28802322,13308235,15494090,6216537,2924536,3803009,4588871,4513980,6755392,9055062,6215072,2902782,2635353,3956782,4037270,4132446,4115897,4100877,4091926,4093493,4042847,4224832
2025,11470,양천구,11470650,신정4동,42874361,20251682,22622680,7616203,5963690,6418376,7135784,6421731,9318575,11973985,8909500,4769033,4741957,6838379,5641509,6090689,6082046,6084516,6076906,6089129,6227218,6223860
2025,11470,양천구,11470670,신정6동,7823149,3507239,4315909,2283007,643831,809955,1515591,1093990,1476774,2073903,1616646,892574,921045,1319329,999655,1113345,1113878,1112827,1117689,1114325,1121849,1129232
2025,11470,양천구,11470680,신정7동,11767068,5347503,6419564,3115064,1011576,1202086,1981475,1743596,2713271,3456893,2373127,1200228,1230822,1889005,1616989,1663894,1658955,1647404,1665684,1663534,1716419,1751177
2025,11500,강서구,11500510,염창동,32851258,15316464,17534792,7257065,3398774,6411137,6238924,4123612,5421750,9566660,6879364,3404720,3355875,5061924,4582718,4685810,4666310,4671571,4689562,4684277,4677394,4776336
2025,11500,강서구,11500520,등촌1동,18977827,8728107,10249720,2014110,2947164,4859177,3252676,2368422,3536279,5528605,4012484,2119910,2009167,2819198,2488463,2725951,2716277,2722376,2718111,2707847,2668705,2718562
2025,11500,강서구,11500530,등촌2동,15085430,6984573,8100859,2490999,1960028,2952308,2432812,2018621,3230665,4464620,3219756,1602384,1559144,2215482,2024047,2151782,2131903,2136424,2131498,2117351,2179506,2236972
2025,11500,강서구,11500535,등촌3동,28220060,13080299,15139760,4099664,3629152,5078378,4576306,3811389,7025167,7459930,5900775,3482961,3364987,4460876,3550529,4037187,4043208,4056638,4045370,4061743,3981747,3994169
2025,11500,강서구,11500540,화곡1동,65445093,30879727,34565365,7094003,11292070,13065259,10784280,9060366,14149115,17269766,13246938,7414447,7513550,11109069,8891320,9233343,9183855,9173249,9187783,9198550,9629066,9839250
2025,11500,강서구,11500550,화곡2동,14509950,6624331,7885620,2482302,1825263,2174751,2435257,2215350,3377029,4313681,2950916,1492109,1506179,2269705,1977363,2038329,2025983,2021379,2018057,2019286,2156245,2230673
2025,11500,강서구,11500560,화곡3동,14607992,6631674,7976318,2340542,2003091,2385791,2338449,1987874,3552244,3761262,2911676,1682141,1712258,2571469,1969185,2051998,2050838,2061889,2045465,2062141,2155347,2180316
2025,11500,강서구,11500570,화곡4동,16484016,7546925,8937094,3173383,1997555,2378793,2614480,2448081,3871722,4854173,3411380,1756016,1695218,2521543,2245686,2339387,2329128,2319450,2328045,2313415,2399690,2454897
2025,11500,강서구,11500590,화곡본동,32264270,15107936,17156334,5090930,4838724,5780783,5218048,4297366,7038420,9849726,6703031,3230730,3178061,4862346,4440372,4532943,4501971,4486077,4489184,4481232,4782806,4990055
2025,11500,강서구,11500591,화곡6동,21702118,10063845,11638273,2311861,3655285,4630987,3711805,2913467,4478713,5895978,4495974,2439225,2408995,3523577,2938369,3047100,3040931,3052358,3034723,3065055,3195853,3266099
2025,11500,강서구,11500593,화곡8동,39690078,18656985,21033096,7377009,5249277,6575315,7169732,5542153,7776592,10675092,8045784,4522552,4614309,6601330,5231011,5625290,5634681,5626096,5639666,5621667,5773139,5769543
2025,11500,강서구,11500603,가양1동,12336264,6078284,6257980,1456539,1959764,2939418,2220623,1674165,2085758,2627311,2700259,1836514,1788080,2026127,1357975,1853264,1861011,1870457,1865499,1833484,1554399,1498150
2025,11500,강서구,11500604,가양2동,8020938,3645194,4375745,753170,805614,1453433,1156617,1017335,2834770,1979266,1723213,962789,977603,1349175,1028893,1150556,1147104,1146208,1144829,1142838,1138158,1151247
2025,11500,강서구,11500605,가양3동,6600846,3138606,3462241,530270,742499,1619146,1164269,887435,1657233,1945364,1412285,740899,718015,941590,842693,963553,959235,965833,963005,942033,902107,905080
2025,11500,강서구,11500611,발산1동,21677455,9625066,12052387,5945409,2408060,2571135,3667837,3130118,3954898,5992175,4748868,2559221,2431845,3204937,2740401,3157081,3150798,3133557,3148857,3126037,2974260,2986864
2025,11500,강서구,11500615,우장산동,27818578,12678156,15140422,5787605,3744521,4066929,4837279,3868324,5513923,7360397,5817975,3164649,3164935,4639033,3671588,3954478,3941516,3949607,3952219,3956543,4038734,4025479
2025,11500,강서구,11500620,공항동,21575566,10793926,10781640,4935676,2517101,3384755,3857222,2751896,4128921,6466537,4520076,2344045,2247015,3150714,2847180,3097655,3101804,3102459,3098091,3081637,3034910,3059004
2025,11500,강서구,11500630,방화1동,28607687,13460940,15146746,5267472,2843799,4568855,4819734,4094141,7013688,7856817,5883133,3240287,3219656,4617399,3790397,4060799,4048975,4053929,4045295,4063366,4140178,4195146
2025,11500,강서구,11500640,방화2동,16927423,8195336,8732088,1848202,2310648,3249884,2755885,2495363,4267440,4568444,3546792,2005842,1969903,2685164,2151277,2377776,2384572,2382589,2387706,2387228,2472668,2534887
2025,11500,강서구,11500641,방화3동,9524263,4490329,5033930,1495626,881235,1534821,1628012,1425552,2559017,2881951,1982482,981291,966189,1412799,1299552,1346213,1342968,1338763,1334951,1336481,1388961,1435925
2025,11530,구로구,11530510,신도림동,25384894,11619967,13764924,5772646,2775620,4255681,4641388,3408352,4531206,6399558,5197060,3081494,3120298,4311835,3274650,3553720,3548676,3562109,3568211,3587042,3765037,3800094
2025,11530,구로구,11530520,구로1동,7663184,3692163,3971018,1784431,762273,1305945,1327418,1065726,1417392,2123588,1688426,870745,838611,1161949,979867,1105313,1102682,1106720,1109545,1096187,1056746,1085988
2025,11530,구로구,11530530,구로2동,36085877,17499548,18586331,3245824,4015544,5837514,6285752,7168812,9532432,9515343,7636736,4321498,4281917,5746752,4583631,5197478,5159413,5165250,5138675,5092324,5062619,5270112
2025,11530,구로구,11530540,구로3동,29159909,14827121,14332789,2911811,4385610,6055162,5664011,4536781,5606534,6687168,6310981,3865130,3844451,4976742,3475439,4378124,4359186,4382269,4366522,4313955,3684054,3675801
2025,11530,구로구,11530550,구로4동,29292977,14471687,14821291,2631425,3151119,4754013,5343065,5554539,7858814,7266697,5863571,3510786,3705126,5202378,3744423,4220341,4190933,4205215,4195498,4167306,4123204,4190481
2025,11530,구로구,11530560,구로5동,27551135,13235153,14315982,3374614,4224335,5200661,4499768,4344873,5906886,6585499,5705320,3481139,3485373,4833773,3460028,3891594,3880642,3908243,3904075,3930279,4015231,4021072
2025,11530,구로구,11530595,가리봉동,12270100,6792280,5477821,463997,2301745,2731937,2368011,2121577,2282832,3025603,2617456,1593369,1559248,2001125,1473294,1788401,1787619,1792117,1784929,1754656,1637442,1724935
2025,11530,구로구,11530720,고척1동,18687308,8797132,9890175,3279224,2462547,2828593,2837136,2939450,4340358,5104407,3805304,2148477,2123478,3058118,2447520,2610941,2627693,2624850,2631581,2632155,2769559,2790530
2025,11530,구로구,11530730,고척2동,20733429,9640442,11092990,4149942,2012273,2635015,3149805,3389697,5396704,6244999,4306978,2162588,2097414,3114726,2806728,2937944,2919097,2898419,2903858,2907482,3031669,3134966
2025,11530,구로구,11530740,개봉1동,29917807,14136101,15781703,4533202,3262907,4566477,4552064,4870500,8132655,8514937,6086315,3233646,3211509,4813665,4057730,4222071,4193841,4161040,4178164,4179234,4429221,4554232
2025,11530,구로구,11530750,개봉2동,14908028,6760554,8147477,2101908,1757072,2407467,2366098,2301901,3973579,4294117,2986207,1486863,1537450,2496628,2106763,2082389,2065473,2062286,2055115,2060870,2259498,2322404
2025,11530,구로구,11530760,개봉3동,18006100,8483718,9522380,3098416,1798314,2650668,3202588,2852528,4403588,4528390,3402036,2048442,2203844,3313050,2510344,2531316,2525279,2531306,2523037,2541165,2649178,2704814
2025,11530,구로구,11530770,오류1동,16223360,7504234,8719127,2212739,2649882,2869508,2400221,2349524,3741488,4437718,3213630,1728325,1791275,2769628,2282784,2258561,2256090,2264414,2266047,2262400,2436304,2479545
2025,11530,구로구,11530780,오류2동,19717071,9023257,10693816,4009435,2295276,2855632,3115996,2777018,4663719,5868303,4112524,2025425,2002852,3029289,2678676,2787530,2776498,2777580,2786912,2768331,2864885,2955341
2025,11530,구로구,11530790,수궁동,6940532,3176461,3764072,1252746,757896,895332,1134485,1121690,1778383,1868537,1465573,760755,759448,1151714,934507,974908,974043,982262,967884,969840,976754,1094842
2025,11530,구로구,11530800,항동,3802084,1838040,1964044,1019752,273968,641511,785402,439735,641721,1125877,782909,393921,391282,579877,528217,542011,544911,545201,543440,542618,538286,545616
2025,11545,금천구,11545510,가산동,19642657,10724053,8918604,970254,4501427,5210463,3523836,2715748,2720930,4593472,4315014,2755079,2681042,3061164,2236890,2985557,2980991,2997469,2982487,2905106,2373823,2417221
2025,11545,금천구,11545610,독산1동,21048714,10778203,10270512,2489679,3622477,4549647,3423982,3006726,3956206,5603254,4501444,2431943,2409746,3365894,2736433,3014522,3007746,3011094,3013271,2999548,2980314,3022220
2025,11545,금천구,11545620,독산2동,12656183,6091736,6564445,1309683,1538120,2127862,1986030,2292002,3402489,3754003,2575751,1302593,1308870,1982166,1732798,1777159,1759475,1756943,1754903,1745166,1877823,1984715
2025,11545,금천구,11545630,독산3동,17785105,8708453,9076650,1788843,2488619,3154626,2866129,2950500,4536386,4862995,3645091,1982979,1997793,2918418,2377828,2515994,2497066,2493330,2496134,2492782,2601861,2687940
2025,11545,금천구,11545640,독산4동,15176628,7345949,7830679,1522175,1879398,2485980,2372492,2779233,4137349,4450932,3067324,1562716,1549898,2415640,2130119,2144170,2126093,2129700,2116567,2113596,2225002,2321498
2025,11545,금천구,11545670,시흥1동,21394419,10401433,10992987,2854596,2675751,3587009,3362010,3649112,5265944,5598510,4216002,2512493,2536636,3681577,2849201,3044851,3042990,3037563,3036762,3051766,3095580,3084905
2025,11545,금천구,11545680,시흥2동,6008811,2716838,3291974,1394776,493194,691007,930844,902927,1596063,1718566,1236817,620877,642331,963164,827053,850620,846124,843806,840985,833631,878975,914669
2025,11545,금천구,11545690,시흥3동,4939399,2462113,2477287,701090,499619,725840,784865,837935,1390053,1474545,1089116,513334,485259,708692,668455,714594,709087,709661,705521,700106,692903,707529
2025,11545,금천구,11545700,시흥4동,8505100,4067940,4437161,1352009,831597,1172341,1304309,1447938,2396906,2692185,1781212,840139,816819,1216992,1157754,1201827,1191181,1176943,1181619,1169989,1254167,1329378
2025,11545,금천구,11545710,시흥5동,13439361,6381139,7058222,2003813,1476373,1826066,2067252,2409566,3656285,3773467,2664958,1427318,1465888,2244790,1862942,1899840,1892869,1891503,1894019,1889973,1965635,2005522
2025,11560,영등포구,11560515,영등포본동,26379864,12995599,13384263,3399680,3866235,4526005,4184865,4074279,6328797,7367943,5532373,2886601,2847895,4189377,3555673,3720282,3709649,3708807,3697179,3716134,3868115,3959700
2025,11560,영등포구,11560535,영등포동,42802248,21085567,21716682,3173554,9235690,10456599,7006757,5733879,7195773,8577914,8551792,6308141,6594339,7950320,4819738,5940816,6008246,6070698,6112732,6303047,6383857,5982851
2025,11560,영등포구,11560540,여의동,25810336,13147146,12663190,2951107,3565885,5601482,5727354,3934977,4029536,4435301,5856937,4437563,4390176,4346775,2343579,3955249,4041951,4081398,4071484,3962650,2909565,2788043
2025,11560,영등포구,11560550,당산1동,28471073,13575556,14895517,2566197,5035367,6683678,4878784,4123457,5183586,6405388,5951414,4028922,3981059,4812857,3291436,4128627,4133146,4169962,4162815,4200487,3922753,3753283
2025,11560,영등포구,11560560,당산2동,35471120,16598363,18872760,5038065,6164261,8078152,6091879,4408606,5690156,9125945,7634331,4221138,4178722,5783946,4527035,5087427,5101703,5130480,5136191,5149078,4950318,4915924
2025,11560,영등포구,11560585,도림동,21599315,10295579,11303737,2644234,2884411,3956075,3446876,3430111,5237610,6410612,4398873,2170872,2174479,3415873,3028607,2994932,2975652,2980723,2987242,2987998,3252396,3420374
2025,11560,영등포구,11560605,문래동,36716304,17768121,18948188,5049559,5107351,7309912,7210811,5409980,6628688,7024870,7529839,5416611,5555841,7003396,4185746,5267873,5294654,5365039,5376550,5467589,5126616,4817989
2025,11560,영등포구,11560610,양평1동,20096308,9675588,10420720,2439009,3209242,4712591,3762172,2776050,3197242,4902207,4403948,2797419,2664892,3024123,2303717,3006749,2992760,3004055,2998625,2957834,2561778,2574507
2025,11560,영등포구,11560620,양평2동,18837687,9335823,9501864,2264498,2884989,4715118,3584595,2608757,2779727,4952754,4208831,2346451,2248465,2765610,2315575,2781771,2794669,2812632,2801668,2776979,2445665,2424304
2025,11560,영등포구,11560630,신길1동,22366327,10937442,11428885,2480250,3585967,4033134,3431514,3337488,5497973,6317068,4756462,2436571,2384866,3495132,2976229,3174535,3167449,3156745,3164553,3159014,3232277,3311755
2025,11560,영등포구,11560650,신길3동,25161350,12100947,13060401,4142656,2865896,3909778,3800401,4014258,6428363,7157744,5045306,2668713,2698911,4127900,3462779,3547541,3521744,3509397,3505295,3518695,3724243,3834437
2025,11560,영등포구,11560660,신길4동,10215153,4914649,5300502,1193995,1174434,1633402,1674967,1641400,2896954,3105872,2074282,1029063,1024420,1565054,1416462,1444459,1434478,1420025,1423036,1427765,1499057,1566333
2025,11560,영등포구,11560670,신길5동,12087346,5626107,6461241,1727500,1268498,1844898,2058630,2027681,3160139,3199985,2547784,1384358,1340855,2007357,1607004,1705310,1690278,1697212,1688941,1698878,1776090,1830635
2025,11560,영등포구,11560680,신길6동,23608857,10782814,12826042,3761275,3359311,4155914,3838714,3453196,5040447,6462201,4986056,2628521,2579952,3851345,3100780,3371077,3363713,3368573,3360435,3364608,3386513,3393941
2025,11560,영등포구,11560690,신길7동,14973032,6925296,8047735,2881575,2060638,2494515,2467071,2179118,2890115,3738642,3142081,1752025,1774070,2610267,1955948,2112440,2112930,2121811,2127883,2130263,2191217,2176486
2025,11560,영등포구,11560700,대림1동,16999912,7968331,9031580,1663091,2035057,2450184,2822358,3288731,4740495,4657545,3425912,1907826,1913857,2798422,2296354,2389602,2369809,2389421,2361292,2361069,2483714,2645004
2025,11560,영등포구,11560710,대림2동,18809460,9301406,9508057,1292556,2236886,3321113,3375556,3817631,4765719,5003020,3743843,2146117,2185886,3210111,2520487,2648081,2621817,2623889,2611510,2612112,2752627,2939423
2025,11560,영등포구,11560720,대림3동,26671435,12967706,13703729,2300179,3342802,4627483,4516859,4982207,6901902,6498672,5415478,3194567,3259935,4772229,3530556,3777631,3761593,3762099,3758677,3774252,3873129,3964056
2025,11590,동작구,11590510,노량진1동,24529154,12670509,11858645,2585245,7318690,4758420,3171579,2802148,3893074,6242086,5171583,2884340,2930940,4202232,3097976,3460608,3470977,3475345,3486710,3511771,3606009,3517732
2025,11590,동작구,11590520,노량진2동,11274484,5679311,5595173,957006,2542965,2156732,1540110,1612827,2464847,2883876,2400934,1361156,1352183,1883750,1392582,1612865,1609946,1613023,1624825,1631094,1618186,1564549
2025,11590,동작구,11590530,상도1동,31855813,15046490,16809326,4829520,8750111,4117987,4100175,3879684,6178339,8615781,6523236,3644766,3648657,5267628,4155747,4492063,4509581,4525222,4528398,4486145,4642141,4672259
2025,11590,동작구,11590540,상도2동,19186597,8773572,10413027,3684159,2834468,2855150,3149217,2747345,3916261,5169630,4007701,2175657,2166883,3108763,2557965,2749170,2752532,2740993,2743707,2732197,2743364,2724636
2025,11590,동작구,11590550,상도3동,18684867,8513365,10171503,2563603,2988426,3187416,2731548,2672720,4541158,5647544,3801991,1857215,1858031,2903832,2616257,2628139,2601522,2580696,2589721,2587411,2798704,2898677
2025,11590,동작구,11590560,상도4동,21921733,9810564,12111167,3554774,3048565,3644929,3482579,3170189,5020697,6920585,4575330,2145718,2060405,3180470,3039226,3095070,3072812,3062925,3061626,3059186,3225367,3344746
2025,11590,동작구,11590605,흑석동,22877252,10407433,12469818,3751507,5570433,2940250,3212535,3050823,4351705,5826907,4878592,2871210,2785302,3648963,2866279,3311988,3343869,3374429,3367662,3305920,3122069,3051314
2025,11590,동작구,11590620,사당1동,26384177,12431771,13952406,2522382,5555308,5516465,3907799,3500314,5381916,7134992,5314290,2863881,2835643,4621835,3613532,3690248,3704580,3717926,3755115,3834128,3903757,3778420
2025,11590,동작구,11590630,사당2동,29426294,13485926,15940367,5032258,3885969,4552292,4597691,4372611,6985474,7235681,5809410,3401239,3580382,5418655,3980929,4128531,4130868,4140640,4137211,4222540,4374560,4291945
2025,11590,동작구,11590640,사당3동,21218876,9844997,11373883,3461735,2653078,3371720,3336159,3036131,5360056,6337465,4372320,2137088,2126815,3274591,2970598,3002886,2976168,2975054,2973723,2970052,3122997,3197998
2025,11590,동작구,11590650,사당4동,15570024,7226349,8343677,1999795,2500910,2875228,2364396,2184589,3645109,4571645,3169516,1581364,1618340,2483707,2145453,2172923,2158398,2156712,2156349,2167978,2332256,2425410
2025,11590,동작구,11590651,사당5동,13162385,6097226,7065159,2270194,1812186,2227964,2145828,1767874,2938338,3590803,2812914,1486858,1431204,2102855,1737759,1865180,1858189,1858303,1859665,1840891,1918463,1961693
2025,11590,동작구,11590660,대방동,29815715,14064245,15751473,4941944,5355522,4880082,4694321,4450695,5493148,8435756,6262019,3201268,3138117,4672141,4106417,4241979,4228747,4230902,4238808,4229812,4297116,4348349
2025,11590,동작구,11590670,신대방1동,14643456,6861528,7781928,1910526,2331977,2563135,2321469,2329496,3186857,4114325,3115887,1606474,1562484,2306599,1937686,2060213,2054805,2061876,2056609,2052959,2133328,2223662
2025,11590,동작구,11590680,신대방2동,20677883,9540643,11137243,2916393,3388924,3741490,3514885,2901221,4214972,5489627,4370108,2501367,2448028,3255084,2613675,2961134,2966727,2958032,2971053,2921434,2910193,2989309
2025,11620,관악구,11620525,보라매동,14127088,6866837,7260248,1396361,2823604,2830272,2237809,1940908,2898138,3635919,3036290,1687694,1664202,2291643,1811337,2013216,2010630,2008918,2009243,1994908,2023132,2067040
2025,11620,관악구,11620545,청림동,12378250,5786001,6592249,2221659,1448283,1975349,2055732,1808624,2868599,3853426,2538583,1176791,1191797,1865545,1752106,1735325,1732610,1730849,1725121,1722243,1831687,1900412
2025,11620,관악구,11620565,성현동,17809268,8174880,9634387,3141978,2240050,2700406,3039815,2674938,4012082,5213619,3659412,1818625,1858341,2809089,2450181,2504986,2471313,2469331,2466852,2480820,2657738,2758224
2025,11620,관악구,11620575,행운동,28033363,13271326,14762037,3224145,6841290,5906160,3728779,3281226,5051763,8265340,5950802,2969936,2860545,4241465,3745279,3945041,3927394,3914570,3938078,3950159,4131386,4226737
2025,11620,관악구,11620585,낙성대동,23398669,11539844,11858825,2488153,7868141,4844230,2813581,2305769,3078795,5670381,4501224,2694566,2751716,4513907,3266876,3215423,3242396,3249798,3290323,3351920,3552674,3496139
2025,11620,관악구,11620595,청룡동,43453212,20980629,22472583,3921913,13031266,8793516,5604236,4929540,7172740,12648165,9048231,4530219,4431874,6834312,5960411,6086604,6074788,6073948,6094990,6116250,6423429,6583206
2025,11620,관악구,11620605,은천동,33716976,16026189,17690788,4783848,5925658,6074452,5153962,4674144,7104916,9362408,6809005,3665959,3697947,5625266,4556390,4738827,4691185,4695689,4697730,4711890,5042048,5139606
2025,11620,관악구,11620615,중앙동,20799628,9689777,11109853,1749881,5459069,4502808,2844940,2478662,3764265,5872435,4236948,2230340,2244060,3397815,2818029,2907439,2906768,2901334,2905073,2913539,3116346,3149129
2025,11620,관악구,11620625,인헌동,23755852,11010091,12745763,2711957,5576921,4791790,3384381,2903923,4386877,6882136,4966522,2429129,2376037,3767132,3334897,3341944,3331744,3325200,3337115,3339660,3477177,3603011
2025,11620,관악구,11620630,남현동,16791521,8065172,8726352,2009058,3081950,3142002,2363791,2349144,3845575,4621864,3483047,1803001,1800686,2812597,2270329,2337654,2347416,2347406,2354314,2376569,2515460,2512704
2025,11620,관악구,11620645,서원동,20920324,10560461,10359863,1539827,5712756,4693526,2820366,2448686,3705162,6127762,4288266,2171152,2134844,3304099,2894201,2911613,2885844,2901074,2905803,2937956,3157022,3221013
2025,11620,관악구,11620655,신원동,23785686,11923456,11862229,2095216,5892437,5227740,3277176,2892274,4400840,6993339,4919481,2459212,2392088,3714341,3307223,3321783,3278021,3310927,3305382,3309652,3549410,3710510
2025,11620,관악구,11620665,서림동,19964223,10735657,9228570,1955115,5328266,3976122,2770764,2470033,3463922,6244531,4260618,1973424,1874599,2878708,2732346,2802029,2783495,2762288,2777775,2763947,2960774,3113916
2025,11620,관악구,11620685,신사동,29414177,14053708,15360467,2238949,7485934,5867106,4032929,3898738,5890522,8697185,6261598,2979925,2918070,4512570,4044832,4124350,4100860,4096448,4104711,4122308,4352651,4512848
2025,11620,관악구,11620695,신림동,39351315,20593050,18758262,1837496,13752070,10048857,5245213,3707441,4760238,10460566,7869341,4277701,4352496,6905567,5485643,5408171,5386308,5418139,5437956,5534310,6054895,6111537
2025,11620,관악구,11620715,난향동,5616019,2661582,2954437,1171114,483540,668543,1009198,958078,1325543,1458421,1130973,654789,680918,968316,722601,792573,783708,784651,786247,780397,832167,856274
2025,11620,관악구,11620725,조원동,31207344,15766495,15440849,2008673,6357806,7494600,5545837,4446962,5353464,7614256,6340827,3917018,3959496,5389182,3986564,4504415,4526191,4544641,4544053,4518502,4307457,4262084
2025,11620,관악구,11620735,대학동,25259609,14557702,10701909,2077243,8341700,5039372,3384016,2795359,3621925,6796499,5230061,2868451,2833634,4127885,3403081,3580763,3588899,3578588,3585559,3577306,3654705,3693792
2025,11620,관악구,11620745,삼성동,27498596,13889783,13608815,2472510,5346892,4090499,3817198,4086866,7684627,7815080,5577815,2966244,2917526,4435989,3785944,3921757,3917637,3904441,3899193,3884321,3952201,4019043
2025,11620,관악구,11620765,미성동,21128161,9626556,11501604,3288589,3029263,3263558,3236938,3232680,5077134,6254897,4455060,2264694,2175817,3162609,2815081,3014629,2995869,2982572,2976089,2957743,3057028,3144235
2025,11620,관악구,11620775,난곡동,22601014,10728716,11872297,3332634,2830555,3463527,3468923,3436743,6068630,6696248,4736481,2359366,2307362,3432073,3069486,3199776,3184347,3159016,3168567,3141132,3301249,3446922
2025,11650,서초구,11650510,서초1동,30242259,14630105,15612152,4220368,4525675,5450363,5946424,4705199,5394224,6327452,6573458,4484532,4430186,5130805,3295824,4524745,4561307,4593385,4589322,4549524,3844092,3579888
2025,11650,서초구,11650520,서초2동,27567629,13774512,13793117,3265469,4518640,6531522,6056472,3808055,3387470,4861846,6030186,4580822,4466208,4879427,2749139,4265830,4335791,4372001,4355002,4271241,3144552,2823211
2025,11650,서초구,11650530,서초3동,48468404,24201144,24267257,6276201,7543424,9522704,9607261,7701622,7817190,9439704,10544063,7700994,7515109,8258477,5010054,7180753,7373795,7438593,7426731,7255125,5950948,5842458
2025,11650,서초구,11650531,서초4동,25701089,12211813,13489275,4420093,4854601,4661193,5001337,3437060,3326810,4942256,5174734,3972285,4016668,4762575,2832575,3818731,3851524,3854487,3881099,3955206,3421770,2918271
2025,11650,서초구,11650540,잠원동,26552664,12704832,13847831,4577589,3666871,4638069,5592751,3993231,4084155,6178525,5649813,3625500,3636002,4399719,3063106,3887312,3913467,3915307,3928957,3952078,3622776,3332770
2025,11650,서초구,11650550,반포본동,2002631,1106527,896104,373306,214511,290981,406403,365814,351616,331863,546349,311027,298200,317365,197824,293508,297667,303339,301437,305171,270284,231227
2025,11650,서초구,11650560,반포1동,26966052,13004948,13961103,4370745,4297924,5524585,5658899,3473351,3640548,6620170,5631920,3451521,3483072,4511446,3267922,3878115,3902254,3911791,3931989,3955255,3807590,3579058
2025,11650,서초구,11650570,반포2동,7490413,3427456,4062958,2125875,723990,887938,1504042,1090837,1157730,1606245,1669271,1051063,1047296,1277870,838670,1063245,1071637,1084923,1086002,1096733,1052060,1035813
2025,11650,서초구,11650580,반포3동,13194820,5982771,7212049,3216637,1423228,1569926,2545108,2134860,2305057,2920693,2639054,1714565,1829744,2469950,1620807,1825131,1842779,1867192,1872146,1926417,1969438,1891714
2025,11650,서초구,11650581,반포4동,21284192,9813763,11470431,5979651,1748871,2473198,4411496,3048222,3622752,5176419,4279086,2695701,2847136,3733009,2552841,3086800,3103200,3081544,3114142,3116076,2968144,2814285
2025,11650,서초구,11650590,방배본동,18655007,8440565,10214444,4063539,1915759,2353601,3595859,2937981,3788273,4923804,3878587,2228103,2236856,3020062,2367594,2663096,2667209,2674933,2674438,2679769,2653442,2642125
2025,11650,서초구,11650600,방배1동,17528987,8106937,9422054,3287499,2391939,3025510,3067596,2470378,3286064,4354286,3634905,2254480,2240146,2917107,2128065,2555195,2574850,2571981,2574512,2524671,2385549,2342231
2025,11650,서초구,11650610,방배2동,17822475,8187546,9634927,2710418,2582008,2928965,2906015,2681905,4013166,4217982,3624919,2260044,2248006,3239075,2232450,2540394,2548320,2560447,2572779,2622554,2559901,2418079
2025,11650,서초구,11650620,방배3동,13680290,6352476,7327816,2523512,1773959,1907611,2353227,2152779,2969203,3849213,3102850,1611221,1499469,1893874,1723665,1973321,2001033,2005749,2005922,1970303,1851943,1872021
2025,11650,서초구,11650621,방배4동,25477502,11320414,14157087,4669046,3191202,3868360,4783656,3952357,5012878,6179052,5299552,3195922,3220793,4385395,3196784,3674176,3685302,3677524,3685657,3717834,3562466,3474547
2025,11650,서초구,11650651,양재1동,34125062,17120411,17004653,5593837,4145017,6565529,6685792,4883361,6251524,7255151,7450251,5089091,4935235,5651693,3743640,5146839,5192964,5212705,5208534,5046268,4157348,4160403
2025,11650,서초구,11650652,양재2동,22694387,11842241,10852146,2729959,3089268,4910051,4614935,3559939,3790235,5036692,4931172,3241184,3156392,3736201,2592749,3380236,3395195,3408200,3407735,3365654,2899289,2838076
2025,11650,서초구,11650660,내곡동,7668464,3730316,3938148,2442135,577478,908944,1309497,915791,1514619,2149162,1698240,882800,849296,1103970,984997,1102892,1111340,1104408,1112852,1100536,1056261,1080174
2025,11680,강남구,11680510,신사동,26105805,12147374,13958431,3049318,4747942,5621145,5415804,3591623,3679977,4073250,4959707,4458257,4656464,5342319,2615808,3780228,3899717,3904315,3933824,4036075,3544814,3006831
2025,11680,강남구,11680521,논현1동,37877996,18122828,19755168,2223366,8204826,10119977,7836327,4695044,4798456,7761212,7946635,5708016,5750358,6622988,4088787,5651497,5748474,5773657,5782702,5743028,4782510,4396131
2025,11680,강남구,11680531,논현2동,47036544,23302441,23734103,4589376,7942709,11390360,10408071,6421147,6284877,8968270,9746597,7717616,7687347,8112164,4804547,7135704,7334916,7406569,7386220,7168889,5561302,5042938
2025,11680,강남구,11680545,압구정동,29959916,13572375,16387543,4157907,4997064,5915874,6141026,4084952,4663092,4890784,5688818,5092156,5218128,5960415,3109614,4216310,4394662,4409999,4483583,4612164,4210339,3632855
2025,11680,강남구,11680565,청담동,35974045,16774012,19200033,4555702,5293618,7182044,7748738,5357269,5836670,7147588,7767899,5654137,5507593,6082655,3814174,5126382,5356861,5420591,5435094,5450358,4873982,4310777
2025,11680,강남구,11680580,삼성1동,19389624,9761016,9628610,2198749,2828016,4266980,4312726,2956683,2826474,2935488,4237064,3522944,3488412,3457776,1747943,2866830,2939108,3016219,3048447,2966200,2378224,2174599
2025,11680,강남구,11680590,삼성2동,35321204,17322208,17998996,5663928,4821243,6965956,7880801,5261058,4728216,8322407,7691258,4950388,4905454,5475427,3976273,5326690,5370839,5385534,5386422,5259726,4376766,4215227
2025,11680,강남구,11680600,대치1동,17682125,8460325,9221804,7449865,1258115,1125088,3500653,2278155,2070247,4110823,3431310,2183486,2400708,3353158,2202639,2506471,2515299,2462902,2526481,2543120,2627342,2500505
2025,11680,강남구,11680610,대치2동,26019504,13877074,12142431,7892108,2887502,3696150,5228888,3336462,2978394,4377694,5314336,4164276,4426434,5130557,2606204,3870812,3898465,3879173,3905467,3841353,3424568,3199665
2025,11680,강남구,11680630,대치4동,41417802,20618781,20799020,11569113,5422949,6376627,7837679,5841693,4369741,7611342,8001336,6248572,6494492,8444803,4617263,5976110,6064623,6078169,6113928,6107711,5766725,5310533
2025,11680,강남구,11680640,역삼1동,81428673,41650475,39778200,5131037,18751843,22521410,16958118,9784210,8282053,12962166,16669846,14236169,14212664,15418192,7929637,12486787,12787677,12909073,12886978,12638719,9425443,8293999
2025,11680,강남구,11680650,역삼2동,48573717,23097177,25476543,9892001,6944227,8703924,10526604,6814288,5692676,10404755,10693563,7269548,7216566,7750549,5238740,7329601,7421955,7488720,7419682,7252004,5962239,5699516
2025,11680,강남구,11680655,도곡1동,34355889,16119053,18236838,7279610,3636913,5317736,7024080,5047686,6049866,8197940,7295642,4529379,4524992,5593996,4213943,4994306,5073087,5098086,5079429,5044918,4567808,4498252
2025,11680,강남구,11680656,도곡2동,15897254,7205608,8691649,3933187,1490797,1887243,3369631,2463671,2752729,3821761,3353476,2157961,2106801,2573808,1883446,2307199,2312886,2331349,2322466,2322440,2169685,2131228
2025,11680,강남구,11680660,개포1동,8604439,3845526,4758911,2414803,625016,930536,1697004,1123994,1813081,2581229,1855082,885740,853017,1236829,1192540,1211854,1207603,1212613,1205815,1206953,1247296,1312304
2025,11680,강남구,11680670,개포2동,8669460,3871272,4798188,2223606,758066,1071112,1595005,1186119,1835553,2162393,1874528,1073058,1043714,1413366,1102402,1243711,1247685,1258477,1253386,1260662,1215684,1189859
2025,11680,강남구,11680690,개포4동,13494694,6340034,7154661,2340251,1509829,2189833,2446983,2306424,2701371,3806498,2892442,1580937,1537206,2003493,1674120,1966303,1953559,1948052,1960168,1936014,1855788,1874812
2025,11680,강남구,11680700,세곡동,13824288,6256952,7567337,3569650,1320992,1977906,2382974,1708343,2864423,3860164,2908599,1514439,1499378,2178947,1862764,1966254,1957299,1959273,1958779,1952408,1989246,2041034
2025,11680,강남구,11680720,일원본동,9646436,4661155,4985280,2666968,744237,1005382,1760526,1340997,2128326,2970046,2139070,996760,895318,1294068,1351170,1395855,1396765,1399661,1393059,1379936,1318139,1363019
2025,11680,강남구,11680730,일원1동,9939062,4793949,5145114,1308558,1283223,1676439,1819316,1477233,2374295,2620567,2107174,1164546,1129639,1611303,1305835,1425114,1424796,1426811,1420941,1422168,1402366,1416870
2025,11680,강남구,11680740,일원2동,5377827,2667253,2710573,1434288,469288,746601,1096868,722872,907906,1558016,1163605,579358,564983,777873,733993,772305,773252,778503,778264,775745,741907,757850
2025,11680,강남구,11680750,수서동,8962066,4252463,4709602,1214266,873431,1376956,1552039,1316130,2629244,1763738,2080005,1354212,1259506,1482132,1022472,1359479,1365741,1367048,1363070,1338929,1101881,1065917
2025,11710,송파구,11710510,풍납1동,17473010,8125554,9347457,2300826,2142551,2770818,2617452,2854303,4787060,4998748,3620223,1874063,1857748,2757567,2364660,2464048,2461365,2457907,2455794,2465015,2568583,2600295
2025,11710,송파구,11710520,풍납2동,20208668,9174289,11034378,3584497,2301742,3101853,3422793,3192694,4605089,5783542,4398229,2239502,2159772,2993635,2633989,2904616,2912411,2917985,2910314,2886757,2806673,2869917
2025,11710,송파구,11710531,거여1동,13591806,6460938,7130867,2006057,1481313,1918367,2076291,2404591,3705187,3730561,2760125,1488131,1502406,2256975,1853609,1926292,1916598,1919108,1909450,1922541,1983502,2014312
2025,11710,송파구,11710532,거여2동,14537874,6527893,8009981,2475816,1350962,2179916,2375878,2241439,3913863,4426211,2999307,1488912,1449432,2180944,1993066,2072597,2059869,2057419,2051428,2060162,2100158,2136243
2025,11710,송파구,11710540,마천1동,11350678,5516387,5834291,1893674,1111398,1370915,1651394,2026934,3296366,3422851,2385743,1140429,1132320,1707593,1561743,1590768,1583644,1577020,1575968,1577692,1680078,1765508
2025,11710,송파구,11710550,마천2동,19089435,9208105,9881330,2705253,1877763,2380954,2658227,3292148,6175091,5449668,3826047,2041519,2079536,3114756,2577911,2677211,2656261,2657577,2650218,2663567,2838697,2945904
2025,11710,송파구,11710561,방이1동,13737043,6374756,7362286,3738168,1490298,1763328,2205218,1814172,2725854,2890359,2474781,1676749,1895854,3049983,1749317,1941605,1960916,1927471,1985864,1984862,2014933,1921389
2025,11710,송파구,11710562,방이2동,25133478,12000463,13133013,2862238,4974025,5862997,4291859,3127892,4014466,6190391,4844814,2994062,3054880,4651649,3397679,3509916,3523058,3565920,3575484,3658936,3741658,3558510
2025,11710,송파구,11710566,오륜동,3019065,1413322,1605741,661122,351629,381848,519359,401673,703434,702353,655914,368516,376787,528408,387086,415799,416261,415326,420732,440493,449797,460654
2025,11710,송파구,11710570,오금동,38812460,18017282,20795181,8045007,3933329,4935689,6032587,6106091,9759761,10282682,8230303,4694457,4523518,6208688,4872814,5547333,5537828,5499101,5537747,5511626,5535126,5643698
2025,11710,송파구,11710580,송파1동,22981619,10364526,12617092,2794096,4131868,5227039,3779707,2966236,4082675,5825164,4500739,2774533,2819744,4108945,2952492,3197140,3203400,3214131,3241972,3299866,3453104,3372004
2025,11710,송파구,11710590,송파2동,11961419,5283752,6677667,2660597,1299189,1804538,1969663,1631929,2595504,3126986,2571298,1454712,1405280,1898195,1504950,1712925,1716019,1713816,1717265,1717451,1688112,1695826
2025,11710,송파구,11710600,석촌동,26537493,12266444,14271048,3520340,3893168,5915731,4718504,3537486,4952263,7137730,5387195,3111487,3064901,4365740,3470438,3728827,3730074,3744589,3772963,3789089,3863257,3908696
2025,11710,송파구,11710610,삼전동,24870520,11419006,13451514,3780922,3588170,5320801,4402423,3209479,4568727,7236292,5067879,2657049,2660264,3946748,3302287,3530513,3504328,3501147,3509988,3509374,3632541,3682626
2025,11710,송파구,11710620,가락본동,34404991,16802912,17602081,4731228,4156220,6395658,6408166,5566115,7147600,8424430,7071207,4348519,4309227,5806381,4445231,4994629,5020087,5022674,5030387,5039165,4725551,4572503
2025,11710,송파구,11710631,가락1동,3041653,1479404,1562248,533640,274289,554210,597981,442776,638757,774895,629657,363605,363385,512484,397628,434582,432536,433098,435710,438602,439835,427287
2025,11710,송파구,11710632,가락2동,23400039,10810612,12589427,4213922,2752371,3538751,3698050,3565671,5631274,6325023,4866903,2659846,2674627,3804065,3069577,3344618,3321606,3333338,3315284,3321229,3359948,3404015
2025,11710,송파구,11710641,문정1동,16958810,8061690,8897120,2375867,2436251,3381837,2975028,2394276,3395552,4575097,3579297,2034617,1952998,2655175,2161628,2461451,2455259,2460161,2462637,2445851,2326615,2346840
2025,11710,송파구,11710642,문정2동,11247854,5612274,5635582,1104788,1507900,2466356,2221277,1753087,2194450,2514785,2388417,1620837,1619904,1847073,1256838,1692398,1686939,1701066,1690994,1675031,1438520,1362903
2025,11710,송파구,11710646,장지동,29918259,13931634,15986625,5624047,3417264,5159366,5096421,4311691,6309468,8474212,6374597,3230076,3189968,4655863,3993541,4247619,4236259,4240486,4223962,4210614,4316310,4443014
2025,11710,송파구,11710647,위례동,13246045,5972387,7273657,4332562,1058394,1919025,2571404,1586779,1777883,3603410,2622259,1442492,1516623,2262884,1798376,1853014,1848322,1849366,1854287,1873041,1973023,1994989
2025,11710,송파구,11710650,잠실본동,32054915,15136529,16918384,4740016,5097197,6370411,5788871,4405196,5653224,8213606,6276221,3679139,3811389,5754111,4320446,4457389,4450471,4472937,4487735,4588414,4849481,4748491
2025,11710,송파구,11710670,잠실2동,8918811,4064442,4854367,2700597,883615,953139,1812756,1231023,1337679,2750298,1860031,895462,905753,1307242,1200021,1246733,1247166,1255645,1253121,1275460,1320588,1320098
2025,11710,송파구,11710680,잠실3동,14438926,6329733,8109196,3703717,1629493,2010222,2706352,1869889,2519247,3271310,2912065,1896235,1984334,2639140,1735844,1988188,2009136,2016498,2058181,2070949,2178122,2117855
2025,11710,송파구,11710690,잠실4동,8567714,3966224,4601489,1953070,974933,1247349,1652948,1173094,1566322,2552263,1893631,919067,906102,1201696,1094954,1218671,1225185,1225430,1228821,1224954,1228853,1215800
2025,11710,송파구,11710710,잠실6동,9295934,4346081,4949856,1352858,1344411,1711144,1910285,1315967,1661270,1592215,1965232,1480351,1553757,1759762,944616,1366122,1390227,1402534,1400124,1376379,1219887,1140662
2025,11710,송파구,11710720,잠실7동,2770648,1226204,1544445,446849,355402,431976,486506,422481,627437,732620,623307,346205,327336,409217,331962,392775,398240,399843,399311,396355,385388,398738
2025,11740,강동구,11740515,강일동,14197855,6631383,7566472,3364545,1251575,1859349,2603624,1982849,3135908,4192064,3051964,1484467,1416386,2094056,1958919,2037751,2027759,2019143,2016121,2003291,2014948,2078844
2025,11740,강동구,11740520,상일동,13710990,6320450,7390542,2960948,1168492,1938294,2817171,1864368,2961716,3663953,2842134,1556627,1555556,2270314,1822409,1960355,1957446,1964525,1964453,1960603,1947437,1956174
2025,11740,강동구,11740530,명일1동,18626998,8306927,10320069,3610534,1772116,2320009,3237544,2709092,4977704,4471459,3797637,2279409,2261826,3403897,2412771,2562362,2571707,2624135,2576499,2612986,2753239,2926071
2025,11740,강동구,11740540,명일2동,8652259,4079976,4572282,2634551,803222,806872,1393645,1119749,1894222,2183369,1758578,1044409,1068974,1521507,1075424,1238753,1244515,1250387,1244501,1250263,1231658,1192184
2025,11740,강동구,11740550,고덕1동,14311406,7039270,7272134,5142123,1002804,1349365,2672233,1621029,2523845,4090972,3059801,1563482,1551515,2155266,1890371,2045612,2043769,2042356,2040823,2026827,2044288,2067729
2025,11740,강동구,11740560,고덕2동,8512221,3994212,4518007,1952870,731327,1249773,1659382,1066731,1852138,2181153,1861157,1016692,986121,1376121,1090976,1215354,1216407,1216180,1218738,1218286,1212611,1214650
2025,11740,강동구,11740570,암사1동,34340072,16093468,18246604,5592563,3721171,5132971,5837790,5491688,8563889,9862677,6966018,3606652,3619974,5559166,4725585,4818255,4789335,4770334,4775901,4775201,5112678,5298374
2025,11740,강동구,11740580,암사2동,9121406,4282370,4839035,1315301,1065905,1614994,1588086,1460477,2076642,2485775,1830755,1010799,1038760,1536537,1218780,1279497,1265296,1267719,1268454,1291450,1376498,1372491
2025,11740,강동구,11740590,암사3동,6392471,3010367,3382103,1527061,620729,864587,1085216,917620,1377257,1801750,1450223,706350,664836,934157,835152,920725,920374,924481,924078,920897,887498,894420
2025,11740,강동구,11740600,천호1동,41392280,19244782,22147497,6918839,4487102,6133657,6843972,6389100,10619609,11920903,8555367,4520463,4515819,6383850,5495877,5901727,5864958,5867962,5863897,5833212,5960279,6100239
2025,11740,강동구,11740610,천호2동,43747654,20771585,22976070,5603315,5498562,7549076,7148952,6840987,11106766,11447163,8915020,5120347,5223403,7330015,5711709,6149969,6139919,6154209,6162619,6212743,6440809,6487387
2025,11740,강동구,11740620,천호3동,29963565,14049264,15914301,3686599,4601722,5593534,4555453,4348138,7178116,8521343,6122855,3225884,3220669,4781385,4091430,4205901,4177571,4187273,4183732,4212351,4441287,4555448
2025,11740,강동구,11740640,성내1동,22248864,10045319,12203545,3893760,2513253,3506176,3844078,3437359,5054245,5737403,4653593,2770479,2729620,3597470,2760298,3234805,3237091,3239756,3239338,3215920,3019112,3062841
2025,11740,강동구,11740650,성내2동,33058522,15494458,17564064,4478866,4542537,5911422,5174921,4809332,8141442,9143482,6693539,3648386,3709290,5467950,4395873,4636963,4603937,4618720,4607472,4647438,4932558,5011430
2025,11740,강동구,11740660,성내3동,26820705,12504374,14316334,3743329,3541346,4369530,4700972,4134857,6330667,7443873,5462497,3048262,2997241,4312616,3556217,3774818,3775836,3790321,3774270,3812106,3893999,3999350
2025,11740,강동구,11740685,길동,72994850,33181318,39813535,9981707,8841764,11696245,11823413,11479544,19172181,19617785,14765288,8408790,8412875,12058186,9731924,10323012,10326670,10322063,10311426,10371164,10619434,10721078
2025,11740,강동구,11740690,둔촌1동,111391,51698,59695,24626,9171,16121,21025,14543,25907,30803,23715,12592,12327,17392,14564,15640,15662,15673,15683,15820,16247,16670
2025,11740,강동구,11740700,둔촌2동,26807031,12475821,14331210,5112206,3031560,3987810,4263059,3905560,6506835,7436228,5691523,3051009,2946153,4147655,3534465,3836420,3819391,3825674,3809374,3803786,3791690,3920698
