지하철역코드,지하철역명,시군구명,위도,경도
1,압구정역,강남구,37.52645630674276,127.02879828727367
2,학여울역,강남구,37.49648060445571,127.07085555801159
3,삼성중앙역,강남구,37.51313085910393,127.05363671780682
4,구룡역,강남구,37.486751009470055,127.05976177332977
5,대모산입구역,강남구,37.49157477585504,127.07323337475067
6,한티역,강남구,37.496352591819075,127.05313168598835
7,신사역,강남구,37.51651630281475,127.02051749096623
8,대청역,강남구,37.49405159550611,127.0791739283744
9,압구정로데오역,강남구,37.528029698971565,127.04077896895393
10,수서역,강남구,37.48728809788657,127.10169494325598
11,강남구청역,강남구,37.51721695632317,127.04126963827999
12,학동역,강남구,37.51389301558195,127.03112538605993
13,선릉역,강남구,37.50464643153688,127.04920627041982
14,언주역,강남구,37.507300921296405,127.0338952243552
15,논현역,강남구,37.51133061451594,127.02163708917021
16,봉은사역,강남구,37.51422708556162,127.06021670400304
17,도곡역,강남구,37.490728411095084,127.05568242908524
18,청담역,강남구,37.5190237920898,127.05127771830456
19,일원역,강남구,37.48415492101992,127.0838412402037
20,선정릉역,강남구,37.510271982894245,127.04366147841344
21,매봉역,강남구,37.486814170545266,127.04593830256536
22,역삼역,강남구,37.500428482420276,127.03590483928247
23,대치역,강남구,37.49396072181887,127.06240348134602
24,신논현역,서초구,37.50442287334148,127.0241732234991
25,삼성(무역센터)역,강남구,37.50895307023809,127.0632213014762
26,개포동역,강남구,37.48927838332698,127.06614287641952
27,암사역,강동구,37.55012621439297,127.12735700818776
28,길동역,강동구,37.53782062327283,127.13978304015922
29,고덕역,강동구,37.554984356823084,127.1538171871996
30,강동역,강동구,37.53609727695621,127.13234865633973
31,강일역,강동구,37.557375288933265,127.17558155190386
32,굽은다리(강동구민회관앞)역,강동구,37.545800531295995,127.14283743789058
33,강동구청역,송파구,37.53032246263641,127.12023524093304
34,명일역,강동구,37.55130403047023,127.14416312041527
35,둔촌동역,강동구,37.527920277421906,127.13596286453593
36,천호(풍납토성)역,강동구,37.53811502961933,127.12448671755027
37,둔촌오륜역,송파구,37.51936809774019,127.13784079519112
37,둔촌오륜역,강동구,37.519775129452434,127.13820384530973
38,상일동역,강동구,37.556847044556825,127.16700709706176
39,중앙보훈병원역,강동구,37.52867722577762,127.14846068356508
40,삼양사거리역,강북구,37.62127755207087,127.02063512227141
41,미아(서울사이버대학)역,강북구,37.62737617229928,127.02597077208515
42,솔밭공원역,강북구,37.656106730053516,127.01311048235165
42,솔밭공원역,도봉구,37.65581051397255,127.01346572680153
43,미아사거리역,강북구,37.61399749665199,127.03024655194893
44,삼양역,강북구,37.626715649863726,127.01823299449664
45,북한산우이역,강북구,37.6630423334514,127.01264580861351
46,솔샘역,강북구,37.62020426331758,127.0133870440046
47,4.19민주묘지역,강북구,37.649580712891975,127.01369668483262
48,수유(강북구청)역,강북구,37.63823406870083,127.02611923318311
49,가오리역,강북구,37.641530460009065,127.01676008274266
50,화계역,강북구,37.633994193199044,127.01750110555136
51,마곡역,강서구,37.55986582469384,126.82620310783905
52,가양역,강서구,37.561059211764416,126.8551392041148
53,개화산역,강서구,37.5721192384128,126.80632824857562
54,송정역,강서구,37.56127649339362,126.81171546452973
55,신방화역,강서구,37.567578740235575,126.81662611885304
56,양천향교역,강서구,37.56813068964411,126.84128062542766
57,발산역,강서구,37.55836989351303,126.83820629379368
58,개화역,강서구,37.57853611422455,126.7980002435432
59,증미역,강서구,37.55795543203569,126.86124228864674
60,마곡나루역,강서구,37.56583686400514,126.8273815552368
61,까치산역,강서구,37.53178100495218,126.84655294257189
62,우장산역,강서구,37.54882403924785,126.8365222103371
63,화곡역,강서구,37.54194609878696,126.84057815452091
64,공항시장역,강서구,37.563964032244975,126.81078872436966
65,방화역,강서구,37.57709451960146,126.8130259710605
66,김포공항역,강서구,37.56202114212759,126.802569596774
67,서울대입구(관악구청)역,관악구,37.48126975960335,126.95278529112817
68,봉천역,관악구,37.48283944000596,126.94111397425712
69,신대방역,관악구,37.487119386747814,126.91332432047685
70,낙성대역,관악구,37.477366288402656,126.96335117599381
71,신림역,관악구,37.484319928878065,126.92975985018225
72,뚝섬유원지역,광진구,37.53183612794797,127.06716072599079
73,아차산(어린이대공원후문)역,광진구,37.55180047085091,127.08944554425713
75,중곡역,광진구,37.566106449121094,127.08472991711405
76,광나루(장신대)역,광진구,37.545161513115765,127.1040171719911
77,어린이대공원(세종대)역,광진구,37.5481851613616,127.07478779079727
78,구의(광진구청)역,광진구,37.537359662532594,127.08651759531142
79,건대입구역,광진구,37.54065910963556,127.0696415597521
80,군자(능동)역,광진구,37.556934474091946,127.07976872745276
81,신도림역,구로구,37.508555315909,126.89122898911323
83,오류동역,구로구,37.494422444164705,126.84432435803524
84,구로역,구로구,37.50242662045135,126.88136055154649
85,개봉역,구로구,37.494520956252394,126.85911494891653
87,온수(성공회대입구)역,구로구,37.49234545420575,126.82411494710904
89,구로디지털단지역,구로구,37.48505751518334,126.90149541746271
90,천왕역,구로구,37.486712180979524,126.83879895539022
91,금천구청역,금천구,37.462763856279985,126.89086940526208
92,가산디지털단지역,금천구,37.481130156879466,126.88233218774405
95,태릉입구역,노원구,37.617929168793715,127.07512966971228
96,월계역,노원구,37.63195944024424,127.05872948619533
97,중계역,노원구,37.645365906314794,127.06374439445429
98,마들역,노원구,37.6648030404302,127.05788631709227
99,공릉(서울과학기술대)역,노원구,37.62557469923346,127.07329283381253
100,화랑대(서울여대입구)역,노원구,37.62005980271722,127.08398481310152
101,광운대역,노원구,37.622928786219454,127.0617854381453
102,노원역,노원구,37.655812595354526,127.06218852394072
104,하계역,노원구,37.63724675860568,127.06772623854414
105,수락산역,노원구,37.67892116943489,127.05556486620107
106,도봉역,도봉구,37.67911620200704,127.04549029215724
107,녹천역,도봉구,37.645830712916165,127.05087759825527
108,도봉산역,도봉구,37.68929924117382,127.04623767796916
109,창동역,도봉구,37.65327765604755,127.0480416391113
110,방학역,도봉구,37.66779689973606,127.0442742815382
111,쌍문역,도봉구,37.648604930017555,127.03491226633054
112,신이문역,동대문구,37.60284688905253,127.06788428875329
113,고려대(종암)역,동대문구,37.59008389567485,127.0365943725265
113,고려대(종암)역,성북구,37.589903701881,127.03599628981162
115,청량리(서울시립대입구)역,동대문구,37.579892576268506,127.04531652547182
116,회기역,동대문구,37.58974156945736,127.05792751143423
117,용두(동대문구청)역,동대문구,37.574040303674174,127.03830077574668
118,제기동역,동대문구,37.57837228457723,127.03376046869968
119,신설동역,종로구,37.57595176742774,127.02297735704515
119,신설동역,동대문구,37.575616187037795,127.024874874607
120,장승배기역,동작구,37.50457094121145,126.9388548744508
121,숭실대입구(살피재)역,동작구,37.495908846279264,126.95398172936834
122,이수역,동작구,37.48497984927143,126.98107542952125
123,총신대입구(이수)역,동작구,37.48802792998867,126.98202481192345
123,총신대입구(이수)역,서초구,37.48802800709718,126.98253897821854
124,사당역,동작구,37.496025862429576,126.9622140265561
124,사당역,관악구,37.476173029674854,126.98108537989985
124,사당역,서초구,37.47684777968418,126.98232529707954
125,노들역,동작구,37.51247386190163,126.95299177713372
126,남성역,동작구,37.48473947477951,126.97145089485716
127,신대방삼거리역,동작구,37.49960253231366,126.9280217937874
128,흑석(중앙대입구)역,동작구,37.508819496709336,126.96371443607057
129,보라매역,영등포구,37.5000847411346,126.92002830294443
130,상도역,동작구,37.50315902197367,126.94817010008148
131,동작(현충원)역,동작구,37.5033968337691,126.97630894150379
132,노량진역,동작구,37.51392871682386,126.94091693905705
133,공덕역,마포구,37.54389405950075,126.95146102612989
134,이대역,마포구,37.55654771193129,126.94574117548295
135,합정역,마포구,37.5489925872559,126.91398300105878
136,디지털미디어시티역,은평구,37.5773468201649,126.9024010825811
136,디지털미디어시티역,마포구,37.577307063563325,126.8978893958985
137,상수역,마포구,37.54765436698118,126.92325187272023
138,애오개역,마포구,37.55341150502426,126.95665163162123
140,마포구청역,마포구,37.56427312053514,126.9025530496816
141,아현역,서대문구,37.55757398417523,126.95586323442137
141,아현역,마포구,37.557137858853544,126.95628419356812
142,월드컵경기장(성산)역,마포구,37.56996754294129,126.89893194188045
143,서강대역,마포구,37.5524619143501,126.93487463646903
144,마포역,마포구,37.53982628952342,126.94579330703158
145,망원역,마포구,37.55585910263315,126.91008718789283
146,광흥창(서강)역,마포구,37.54772792950233,126.93121362562049
147,홍대입구역,마포구,37.556734666483244,126.92455157301279
148,홍제역,서대문구,37.58899211178838,126.94391952951025
149,"신촌(경의중앙, 2호선)역",서대문구,37.55835372435452,126.9409178993463
149,"신촌(경의중앙, 2호선)역",마포구,37.55496617628845,126.93735518197812
150,가좌역,서대문구,37.56894262273896,126.91494252585488
150,가좌역,마포구,37.56852256758114,126.91454132107442
151,서대문역,중구,37.56581589193115,126.96732559311502
151,서대문역,서대문구,37.5659356710314,126.96619182964959
152,독립문역,서대문구,37.574042435212895,126.95815870261268
153,충정로(경기대입구)역,중구,37.559031229178295,126.96387828677103
153,충정로(경기대입구)역,서대문구,37.56072086986982,126.96296789790861
154,무악재역,서대문구,37.582514506179834,126.95045380750116
155,남태령역,서초구,37.46466417956047,126.98854297431377
156,서초역,서초구,37.49168303406662,127.00777892568289
157,청계산입구역,서초구,37.44835494679063,127.05440573954033
158,내방역,서초구,37.48750721566179,126.99321371275778
159,양재(서초구청)역,서초구,37.4837609995189,127.03470409270159
159,양재(서초구청)역,강남구,37.48483005441413,127.03445228796363
160,반포역,서초구,37.50831097824673,127.01196102152761
161,신반포역,서초구,37.50362791061676,126.99648891745744
162,남부터미널(예술의전당)역,서초구,37.484749622986875,127.01627339714322
163,잠원역,서초구,37.512905604379725,127.01178638399094
164,양재시민의숲(매헌)역,서초구,37.46999328482595,127.03899963141606
165,방배역,서초구,37.48155477078008,126.9972400061135
166,사평역,서초구,37.504248137170435,127.01518725290568
167,교대(법원.검찰청)역,서초구,37.49279345737089,127.01411393329036
168,구반포역,서초구,37.501635855938616,126.98675906170132
169,강남역,서초구,37.49738476332233,127.02744813769549
169,강남역,강남구,37.497331374347056,127.02869318931945
170,고속터미널역,서초구,37.50483885125289,127.00386634886466
171,금호역,성동구,37.548062313967876,127.01586482801342
173,서울숲역,성동구,37.5431930448426,127.04459239755532
175,성수역,성동구,37.54480943658188,127.05533034760549
176,상왕십리역,성동구,37.56430005455948,127.02958686524622
178,답십리역,성동구,37.56674286034835,127.05252026699624
178,답십리역,동대문구,37.56744967362509,127.05234352726829
180,왕십리(성동구청)역,성동구,37.56129280207992,127.03724484828417
181,신금호역,성동구,37.5548075411513,127.0201658559206
182,한양대역,성동구,37.555770185758924,127.04326353089189
183,행당역,성동구,37.557138333540436,127.0292600230087
184,옥수역,성동구,37.5412147984679,127.01783563756655
185,장한평역,성동구,37.56129215804974,127.0643732470105
185,장한평역,동대문구,37.56175608746401,127.06437092436406
186,뚝섬역,성동구,37.547020554263966,127.04807085037945
187,돌곶이역,성북구,37.61103252710182,127.05700903613837
188,안암(고대병원앞)역,성북구,37.58645190525066,127.02870932118485
189,월곡(동덕여대)역,성북구,37.602205200978524,127.04158382144861
190,정릉역,성북구,37.602854160004746,127.0134115964473
191,석계역,성북구,37.614779715135974,127.06689072528204
191,석계역,노원구,37.61499698395809,127.0654686569299
192,북한산보국문역,성북구,37.612235900560634,127.00817593598475
193,길음역,성북구,37.60351795671336,127.02511808019659
194,성신여대입구(돈암)역,성북구,37.592481949520426,127.01655028030102
195,한성대입구(삼선교)역,성북구,37.58838136317347,127.00587126849757
196,상월곡(한국과학기술연구원)역,성북구,37.6058716207125,127.04781012738063
197,보문역,성북구,37.58510930994358,127.01931231375174
199,가락시장역,송파구,37.49262375265571,127.11845843437312
200,석촌역,송파구,37.505248586373185,127.10715206438636
201,종합운동장역,송파구,37.51125023009749,127.07528841397652
202,장지역,송파구,37.478660442676436,127.12614141888304
203,경찰병원역,송파구,37.49564322077213,127.12412156970288
204,올림픽공원(한국체대)역,송파구,37.5161821655637,127.13105950744885
205,잠실나루역,송파구,37.520867486643745,127.10350964749668
206,송파역,송파구,37.499504154508294,127.11274757857919
207,방이역,송파구,37.508737243471835,127.12610791321646
209,몽촌토성(평화의문)역,송파구,37.5176243275448,127.11218692416507
210,잠실(송파구청)역,송파구,37.51424340621623,127.10339984743409
211,문정역,송파구,37.48625939608584,127.12268435465137
212,한성백제역,송파구,37.51647638001374,127.11562804979107
213,거여역,송파구,37.49333445162444,127.14418749865008
214,송파나루역,송파구,37.5102861806687,127.11221710411675
215,석촌고분역,송파구,37.50247739929096,127.09696045413011
216,오금역,송파구,37.50218689254858,127.12788866659847
217,개롱역,송파구,37.498076391582494,127.13443907118028
218,잠실새내역,송파구,37.511632275938595,127.08620014290108
220,신목동역,양천구,37.54416662059385,126.88280274540342
222,목동역,양천구,37.525863779120336,126.86490383032003
223,염창역,양천구,37.54676614241754,126.87443732987782
223,염창역,강서구,37.54713772139846,126.87430989303354
224,양천구청역,양천구,37.51253877916507,126.86600720876027
225,신정네거리역,양천구,37.52023308228248,126.85268543265587
226,오목교(목동운동장앞)역,양천구,37.52513219151189,126.87488844440644
227,등촌역,양천구,37.550980134179746,126.86452524416731
228,영등포시장역,영등포구,37.522751329407896,126.90536292581659
229,여의나루역,영등포구,37.526661358992385,126.93268675142608
230,샛강역,영등포구,37.51735744393207,126.92888100039397
231,당산역,영등포구,37.534152057358625,126.90209054950819
232,영등포구청역,영등포구,37.52571822723635,126.89652807009404
233,신풍역,영등포구,37.50022128400627,126.90928106733418
236,국회의사당역,영등포구,37.52883954653318,126.91640577325325
237,여의도역,영등포구,37.5216215809446,126.92370972949809
238,영등포역,영등포구,37.51570214674419,126.90709777691302
239,대림(구로구청)역,구로구,37.49388446526298,126.89422997438946
239,대림(구로구청)역,영등포구,37.4930763604241,126.89651896174956
240,선유도역,영등포구,37.53787469366244,126.89366873088873
243,한강진역,용산구,37.54028507253922,127.00197865237232
244,이태원역,용산구,37.53460961173082,126.9940830495346
245,용산역,용산구,37.530262355240794,126.9642921209886
246,삼각지역,용산구,37.53479096260079,126.97328083090586
247,녹사평(용산구청)역,용산구,37.53489214268974,126.98664574454246
248,숙대입구(갈월)역,용산구,37.545264225612115,126.97176135641871
249,서빙고역,용산구,37.51949580748297,126.98953626942787
250,이촌(국립중앙박물관)역,용산구,37.52243958997263,126.97444671029878
251,신용산역,용산구,37.52959680687353,126.96827687497643
252,효창공원앞역,용산구,37.53867222482999,126.96287530604673
254,구파발역,은평구,37.63702699636522,126.91899211696432
255,불광역,은평구,37.61117376260042,126.92958881062188
256,녹번역,은평구,37.60091946507972,126.93576542871705
257,연신내역,은평구,37.61916046901461,126.92086949978284
258,새절(신사)역,은평구,37.59151721910183,126.91391731295879
260,역촌역,은평구,37.60588462747197,126.923048451063
261,응암역,은평구,37.59896321504193,126.91592500447203
262,독바위역,은평구,37.61845276897667,126.93296148008154
263,증산(명지대앞)역,서대문구,37.58352926196434,126.90949508586425
264,구산역,은평구,37.611632093566115,126.91706864190141
265,종로3가역,종로구,37.571237685905345,126.9921282612262
267,혜화역,종로구,37.58157333415387,127.00200419541304
268,동묘앞역,종로구,37.57329730966541,127.01665530024687
269,안국역,종로구,37.57622646659184,126.98515892357797
270,창신역,종로구,37.579717519991405,127.01528687380042
270,창신역,중구,37.56640449784868,127.01833435466037
271,경복궁(정부서울청사)역,종로구,37.575965675947124,126.97413365201709
272,동대문역,종로구,37.57110593971035,127.00976666369658
273,종각역,종로구,37.57044199061286,126.9833657641669
275,회현(남대문시장)역,중구,37.55890427386682,126.97907355303846
277,청구역,중구,37.56024933622041,127.01383762318397
278,약수역,중구,37.55486270741788,127.01091782508675
279,동대입구역,중구,37.55885563564389,127.0053515758039
281,을지로3가역,중구,37.566147936268656,126.99099170395573
282,동대문역사문화공원역,중구,37.565868382504576,127.00909956240862
283,충무로역,중구,37.56134894018797,126.99338924584126
284,서울역역,중구,37.55625496080715,126.97232633932614
284,서울역역,용산구,37.55270122392351,126.97276551031285
285,을지로4가역,중구,37.566457222103665,126.99799738511024
286,버티고개역,중구,37.548193242270244,127.00738870965667
287,시청역,중구,37.56431993168064,126.97564721525154
288,을지로입구역,중구,37.566119417495074,126.98260642600862
289,신내역,중랑구,37.61304690483601,127.1034525574782
290,망우역,중랑구,37.59978956125915,127.09210209428791
291,상봉(시외버스터미널)역,중랑구,37.596595078735,127.08582488181527
292,중화역,중랑구,37.60230158736344,127.07917976297286
293,양원역,중랑구,37.60660738513951,127.1079427312282
294,봉화산(서울의료원)역,중랑구,37.61723424087117,127.09154608593866
295,용마산역,중랑구,37.57422778065785,127.08678440035503
297,먹골역,중랑구,37.61098277468011,127.07789443323499
298,사가정역,중랑구,37.580575730241755,127.0882701339492
299,면목역,중랑구,37.58847546853265,127.0873440951114
